#
# A fatal error has been detected by the Java Runtime Environment:
#
#  SIGSEGV (0xb) at pc=0x000000011444838c, pid=5684, tid=38147
#
# JRE version: OpenJDK Runtime Environment Microsoft-10800196 (21.0.6+7) (build 21.0.6+7-LTS)
# Java VM: OpenJDK 64-Bit Server VM Microsoft-10800196 (21.0.6+7-LTS, mixed mode, emulated-client, sharing, tiered, compressed oops, compressed class ptrs, g1 gc, bsd-aarch64)
# Problematic frame:
# C  [libtesseract.5.dylib+0x2838c]  tesseract::Tesseract::recog_all_words(tesseract::PAGE_RES*, tesseract::ETEXT_DESC*, tesseract::TBOX const*, char const*, int)+0xbc
#
# No core dump will be written. Core dumps have been disabled. To enable core dumping, try "ulimit -c unlimited" before starting Java again
#
# If you would like to submit a bug report, please visit:
#   https://github.com/microsoft/openjdk/issues
# The crash happened outside the Java Virtual Machine in native code.
# See problematic frame for where to report the bug.
#

---------------  S U M M A R Y ------------

Command Line: -Djna.library.path=/opt/homebrew/lib -XX:TieredStopAtLevel=1 -Dspring.output.ansi.enabled=always -Dcom.sun.management.jmxremote -Dspring.jmx.enabled=true -Dspring.liveBeansView.mbeanDomain -Dspring.application.admin.enabled=true -Dmanagement.endpoints.jmx.exposure.include=* -javaagent:/Applications/IntelliJ IDEA.app/Contents/lib/idea_rt.jar=50122 -Dfile.encoding=UTF-8 -Dsun.stdout.encoding=UTF-8 -Dsun.stderr.encoding=UTF-8 org.example.supperapp.examservice.ExamServiceApplication

Host: "MacBookAir10,1" arm64, 8 cores, 8G, Darwin 25.3.0, macOS 26.3.1 (25D2128)
Time: Mon Aug 24 21:49:01 2026 +07 elapsed time: 8.685118 seconds (0d 0h 0m 8s)

---------------  T H R E A D  ---------------

Current thread (0x000000015b38a400):  JavaThread "http-nio-8081-exec-2" daemon [_thread_in_native, id=38147, stack(0x000000017291c000,0x0000000172b1f000) (2060K)]

Stack: [0x000000017291c000,0x0000000172b1f000],  sp=0x0000000172b19980,  free space=2038k
Native frames: (J=compiled Java code, j=interpreted, Vv=VM code, C=native code)
C  [libtesseract.5.dylib+0x2838c]  tesseract::Tesseract::recog_all_words(tesseract::PAGE_RES*, tesseract::ETEXT_DESC*, tesseract::TBOX const*, char const*, int)+0xbc
C  [libtesseract.5.dylib+0x4ab8]  tesseract::TessBaseAPI::Recognize(tesseract::ETEXT_DESC*)+0x2e8
C  [libtesseract.5.dylib+0x38f0]  tesseract::TessBaseAPI::GetUTF8Text()+0x3c
C  [jna3203227590924581373.tmp+0x1004c]  ffi_prep_closure_loc+0x164c
C  [jna3203227590924581373.tmp+0xe970]  ffi_call+0x57c
C  [jna3203227590924581373.tmp+0x678c]  Java_com_sun_jna_Native_invokePointer+0x96c
C  [jna3203227590924581373.tmp+0x5e4c]  Java_com_sun_jna_Native_invokePointer+0x2c
j  com.sun.jna.Native.invokePointer(Lcom/sun/jna/Function;JI[Ljava/lang/Object;)J+0
j  com.sun.jna.Function.invokePointer(I[Ljava/lang/Object;)Lcom/sun/jna/Pointer;+7
j  com.sun.jna.Function.invoke([Ljava/lang/Object;Ljava/lang/Class;ZI)Ljava/lang/Object;+387
j  com.sun.jna.Function.invoke(Ljava/lang/reflect/Method;[Ljava/lang/Class;Ljava/lang/Class;[Ljava/lang/Object;Ljava/util/Map;)Ljava/lang/Object;+271
j  com.sun.jna.Library$Handler.invoke(Ljava/lang/Object;Ljava/lang/reflect/Method;[Ljava/lang/Object;)Ljava/lang/Object;+390
j  jdk.proxy2.$Proxy98.TessBaseAPIGetUTF8Text(Lnet/sourceforge/tess4j/ITessAPI$TessBaseAPI;)Lcom/sun/jna/Pointer;+16 jdk.proxy2
j  net.sourceforge.tess4j.Tesseract.getOCRText(Ljava/lang/String;I)Ljava/lang/String;+309
j  net.sourceforge.tess4j.Tesseract.doOCR(Ljavax/imageio/IIOImage;Ljava/lang/String;Ljava/util/List;I)Ljava/lang/String;+91
j  net.sourceforge.tess4j.Tesseract.doOCR(Ljava/util/List;Ljava/lang/String;Ljava/util/List;)Ljava/lang/String;+106
j  net.sourceforge.tess4j.ITesseract.doOCR(Ljava/awt/image/BufferedImage;Ljava/lang/String;Ljava/util/List;)Ljava/lang/String;+27
j  net.sourceforge.tess4j.ITesseract.doOCR(Ljava/awt/image/BufferedImage;)Ljava/lang/String;+7
j  org.example.supperapp.examservice.service.FileService.parseListening(Lorg/apache/pdfbox/pdmodel/PDDocument;III)Ljava/util/List;+165
j  org.example.supperapp.examservice.service.FileService.parsePart3(Lorg/apache/pdfbox/pdmodel/PDDocument;Ljava/lang/Integer;Ljava/lang/Integer;)Lorg/example/supperapp/examservice/entity/Exam;+36
j  org.example.supperapp.examservice.service.FileService.uploadFile(Lorg/springframework/web/multipart/MultipartFile;Ljava/lang/Integer;Ljava/lang/Integer;)V+54
j  org.example.supperapp.examservice.controller.FileController.importExam(Lorg/springframework/web/multipart/MultipartFile;Ljava/lang/Integer;Ljava/lang/Integer;)Lorg/springframework/http/ResponseEntity;+7
j  java.lang.invoke.LambdaForm$DMH+0x00000070013f0400.invokeVirtual(Ljava/lang/Object;Ljava/lang/Object;Ljava/lang/Object;Ljava/lang/Object;Ljava/lang/Object;)Ljava/lang/Object;+16 java.base@21.0.6
j  java.lang.invoke.LambdaForm$MH+0x00000070015e8400.invoke(Ljava/lang/Object;Ljava/lang/Object;Ljava/lang/Object;Ljava/lang/Object;Ljava/lang/Object;)Ljava/lang/Object;+87 java.base@21.0.6
J 4309 c1 jdk.internal.reflect.DirectMethodHandleAccessor.invoke(Ljava/lang/Object;[Ljava/lang/Object;)Ljava/lang/Object; java.base@21.0.6 (92 bytes) @ 0x000000010dbb5d10 [0x000000010dbb5900+0x0000000000000410]
J 4340 c1 java.lang.reflect.Method.invoke(Ljava/lang/Object;[Ljava/lang/Object;)Ljava/lang/Object; java.base@21.0.6 (108 bytes) @ 0x000000010dbc10e0 [0x000000010dbc0f00+0x00000000000001e0]
j  org.springframework.web.method.support.InvocableHandlerMethod.doInvoke([Ljava/lang/Object;)Ljava/lang/Object;+55
j  org.springframework.web.method.support.InvocableHandlerMethod.invokeForRequest(Lorg/springframework/web/context/request/NativeWebRequest;Lorg/springframework/web/method/support/ModelAndViewContainer;[Ljava/lang/Object;)Ljava/lang/Object;+82
j  org.springframework.web.servlet.mvc.method.annotation.ServletInvocableHandlerMethod.invokeAndHandle(Lorg/springframework/web/context/request/ServletWebRequest;Lorg/springframework/web/method/support/ModelAndViewContainer;[Ljava/lang/Object;)V+4
j  org.springframework.web.servlet.mvc.method.annotation.RequestMappingHandlerAdapter.invokeHandlerMethod(Ljakarta/servlet/http/HttpServletRequest;Ljakarta/servlet/http/HttpServletResponse;Lorg/springframework/web/method/HandlerMethod;)Lorg/springframework/web/servlet/ModelAndView;+309
j  org.springframework.web.servlet.mvc.method.annotation.RequestMappingHandlerAdapter.handleInternal(Ljakarta/servlet/http/HttpServletRequest;Ljakarta/servlet/http/HttpServletResponse;Lorg/springframework/web/method/HandlerMethod;)Lorg/springframework/web/servlet/ModelAndView;+81
j  org.springframework.web.servlet.mvc.method.AbstractHandlerMethodAdapter.handle(Ljakarta/servlet/http/HttpServletRequest;Ljakarta/servlet/http/HttpServletResponse;Ljava/lang/Object;)Lorg/springframework/web/servlet/ModelAndView;+7
j  org.springframework.web.servlet.DispatcherServlet.doDispatch(Ljakarta/servlet/http/HttpServletRequest;Ljakarta/servlet/http/HttpServletResponse;)V+259
j  org.springframework.web.servlet.DispatcherServlet.doService(Ljakarta/servlet/http/HttpServletRequest;Ljakarta/servlet/http/HttpServletResponse;)V+242
j  org.springframework.web.servlet.FrameworkServlet.processRequest(Ljakarta/servlet/http/HttpServletRequest;Ljakarta/servlet/http/HttpServletResponse;)V+70
j  org.springframework.web.servlet.FrameworkServlet.doPost(Ljakarta/servlet/http/HttpServletRequest;Ljakarta/servlet/http/HttpServletResponse;)V+3
j  jakarta.servlet.http.HttpServlet.service(Ljakarta/servlet/http/HttpServletRequest;Ljakarta/servlet/http/HttpServletResponse;)V+150
j  org.springframework.web.servlet.FrameworkServlet.service(Ljakarta/servlet/http/HttpServletRequest;Ljakarta/servlet/http/HttpServletResponse;)V+20
j  jakarta.servlet.http.HttpServlet.service(Ljakarta/servlet/ServletRequest;Ljakarta/servlet/ServletResponse;)V+37
j  org.apache.catalina.core.ApplicationFilterChain.internalDoFilter(Ljakarta/servlet/ServletRequest;Ljakarta/servlet/ServletResponse;)V+300
j  org.apache.catalina.core.ApplicationFilterChain.doFilter(Ljakarta/servlet/ServletRequest;Ljakarta/servlet/ServletResponse;)V+99
j  org.apache.tomcat.websocket.server.WsFilter.doFilter(Ljakarta/servlet/ServletRequest;Ljakarta/servlet/ServletResponse;Ljakarta/servlet/FilterChain;)V+21
j  org.apache.catalina.core.ApplicationFilterChain.internalDoFilter(Ljakarta/servlet/ServletRequest;Ljakarta/servlet/ServletResponse;)V+130
j  org.apache.catalina.core.ApplicationFilterChain.doFilter(Ljakarta/servlet/ServletRequest;Ljakarta/servlet/ServletResponse;)V+99
j  org.springframework.web.filter.CompositeFilter$VirtualFilterChain.doFilter(Ljakarta/servlet/ServletRequest;Ljakarta/servlet/ServletResponse;)V+22
j  org.springframework.security.web.FilterChainProxy.lambda$doFilterInternal$3(Lorg/springframework/security/web/firewall/FirewalledRequest;Ljakarta/servlet/FilterChain;Ljakarta/servlet/ServletRequest;Ljakarta/servlet/ServletResponse;)V+35
j  org.springframework.security.web.FilterChainProxy$$Lambda+0x0000007001624e50.doFilter(Ljakarta/servlet/ServletRequest;Ljakarta/servlet/ServletResponse;)V+10
j  org.springframework.security.web.FilterChainProxy$VirtualFilterChain.doFilter(Ljakarta/servlet/ServletRequest;Ljakarta/servlet/ServletResponse;)V+17
j  org.springframework.security.web.access.intercept.AuthorizationFilter.doFilter(Ljakarta/servlet/ServletRequest;Ljakarta/servlet/ServletResponse;Ljakarta/servlet/FilterChain;)V+143
j  org.springframework.security.web.FilterChainProxy$VirtualFilterChain.doFilter(Ljakarta/servlet/ServletRequest;Ljakarta/servlet/ServletResponse;)V+105
j  org.springframework.security.web.access.ExceptionTranslationFilter.doFilter(Ljakarta/servlet/http/HttpServletRequest;Ljakarta/servlet/http/HttpServletResponse;Ljakarta/servlet/FilterChain;)V+3
j  org.springframework.security.web.access.ExceptionTranslationFilter.doFilter(Ljakarta/servlet/ServletRequest;Ljakarta/servlet/ServletResponse;Ljakarta/servlet/FilterChain;)V+10
j  org.springframework.security.web.FilterChainProxy$VirtualFilterChain.doFilter(Ljakarta/servlet/ServletRequest;Ljakarta/servlet/ServletResponse;)V+105
j  org.springframework.security.web.authentication.AnonymousAuthenticationFilter.doFilter(Ljakarta/servlet/ServletRequest;Ljakarta/servlet/ServletResponse;Ljakarta/servlet/FilterChain;)V+33
j  org.springframework.security.web.FilterChainProxy$VirtualFilterChain.doFilter(Ljakarta/servlet/ServletRequest;Ljakarta/servlet/ServletResponse;)V+105
j  org.springframework.security.web.servletapi.SecurityContextHolderAwareRequestFilter.doFilter(Ljakarta/servlet/ServletRequest;Ljakarta/servlet/ServletResponse;Ljakarta/servlet/FilterChain;)V+19
j  org.springframework.security.web.FilterChainProxy$VirtualFilterChain.doFilter(Ljakarta/servlet/ServletRequest;Ljakarta/servlet/ServletResponse;)V+105
j  org.springframework.security.web.savedrequest.RequestCacheAwareFilter.doFilter(Ljakarta/servlet/ServletRequest;Ljakarta/servlet/ServletResponse;Ljakarta/servlet/FilterChain;)V+32
j  org.springframework.security.web.FilterChainProxy$VirtualFilterChain.doFilter(Ljakarta/servlet/ServletRequest;Ljakarta/servlet/ServletResponse;)V+105
j  org.springframework.security.oauth2.server.resource.web.authentication.BearerTokenAuthenticationFilter.doFilterInternal(Ljakarta/servlet/http/HttpServletRequest;Ljakarta/servlet/http/HttpServletResponse;Ljakarta/servlet/FilterChain;)V+63
j  org.springframework.web.filter.OncePerRequestFilter.doFilter(Ljakarta/servlet/ServletRequest;Ljakarta/servlet/ServletResponse;Ljakarta/servlet/FilterChain;)V+150
j  org.springframework.security.web.FilterChainProxy$VirtualFilterChain.doFilter(Ljakarta/servlet/ServletRequest;Ljakarta/servlet/ServletResponse;)V+105
j  org.springframework.security.web.authentication.logout.LogoutFilter.doFilter(Ljakarta/servlet/http/HttpServletRequest;Ljakarta/servlet/http/HttpServletResponse;Ljakarta/servlet/FilterChain;)V+83
j  org.springframework.security.web.authentication.logout.LogoutFilter.doFilter(Ljakarta/servlet/ServletRequest;Ljakarta/servlet/ServletResponse;Ljakarta/servlet/FilterChain;)V+10
j  org.springframework.security.web.FilterChainProxy$VirtualFilterChain.doFilter(Ljakarta/servlet/ServletRequest;Ljakarta/servlet/ServletResponse;)V+105
j  org.springframework.web.filter.CorsFilter.doFilterInternal(Ljakarta/servlet/http/HttpServletRequest;Ljakarta/servlet/http/HttpServletResponse;Ljakarta/servlet/FilterChain;)V+43
j  org.springframework.web.filter.OncePerRequestFilter.doFilter(Ljakarta/servlet/ServletRequest;Ljakarta/servlet/ServletResponse;Ljakarta/servlet/FilterChain;)V+150
j  org.springframework.security.web.FilterChainProxy$VirtualFilterChain.doFilter(Ljakarta/servlet/ServletRequest;Ljakarta/servlet/ServletResponse;)V+105
j  org.springframework.security.web.header.HeaderWriterFilter.doHeadersAfter(Ljakarta/servlet/http/HttpServletRequest;Ljakarta/servlet/http/HttpServletResponse;Ljakarta/servlet/FilterChain;)V+29
j  org.springframework.security.web.header.HeaderWriterFilter.doFilterInternal(Ljakarta/servlet/http/HttpServletRequest;Ljakarta/servlet/http/HttpServletResponse;Ljakarta/servlet/FilterChain;)V+21
j  org.springframework.web.filter.OncePerRequestFilter.doFilter(Ljakarta/servlet/ServletRequest;Ljakarta/servlet/ServletResponse;Ljakarta/servlet/FilterChain;)V+150
j  org.springframework.security.web.FilterChainProxy$VirtualFilterChain.doFilter(Ljakarta/servlet/ServletRequest;Ljakarta/servlet/ServletResponse;)V+105
j  org.springframework.security.web.context.SecurityContextHolderFilter.doFilter(Ljakarta/servlet/http/HttpServletRequest;Ljakarta/servlet/http/HttpServletResponse;Ljakarta/servlet/FilterChain;)V+59
j  org.springframework.security.web.context.SecurityContextHolderFilter.doFilter(Ljakarta/servlet/ServletRequest;Ljakarta/servlet/ServletResponse;Ljakarta/servlet/FilterChain;)V+10
j  org.springframework.security.web.FilterChainProxy$VirtualFilterChain.doFilter(Ljakarta/servlet/ServletRequest;Ljakarta/servlet/ServletResponse;)V+105
j  org.springframework.security.web.context.request.async.WebAsyncManagerIntegrationFilter.doFilterInternal(Ljakarta/servlet/http/HttpServletRequest;Ljakarta/servlet/http/HttpServletResponse;Ljakarta/servlet/FilterChain;)V+55
j  org.springframework.web.filter.OncePerRequestFilter.doFilter(Ljakarta/servlet/ServletRequest;Ljakarta/servlet/ServletResponse;Ljakarta/servlet/FilterChain;)V+150
j  org.springframework.security.web.FilterChainProxy$VirtualFilterChain.doFilter(Ljakarta/servlet/ServletRequest;Ljakarta/servlet/ServletResponse;)V+105
j  org.springframework.security.web.session.DisableEncodeUrlFilter.doFilterInternal(Ljakarta/servlet/http/HttpServletRequest;Ljakarta/servlet/http/HttpServletResponse;Ljakarta/servlet/FilterChain;)V+10
j  org.springframework.web.filter.OncePerRequestFilter.doFilter(Ljakarta/servlet/ServletRequest;Ljakarta/servlet/ServletResponse;Ljakarta/servlet/FilterChain;)V+150
j  org.springframework.security.web.FilterChainProxy$VirtualFilterChain.doFilter(Ljakarta/servlet/ServletRequest;Ljakarta/servlet/ServletResponse;)V+105
j  org.springframework.security.web.FilterChainProxy.doFilterInternal(Ljakarta/servlet/ServletRequest;Ljakarta/servlet/ServletResponse;Ljakarta/servlet/FilterChain;)V+163
j  org.springframework.security.web.FilterChainProxy.doFilter(Ljakarta/servlet/ServletRequest;Ljakarta/servlet/ServletResponse;Ljakarta/servlet/FilterChain;)V+48
j  org.springframework.web.filter.CompositeFilter$VirtualFilterChain.doFilter(Ljakarta/servlet/ServletRequest;Ljakarta/servlet/ServletResponse;)V+63
j  org.springframework.web.servlet.handler.HandlerMappingIntrospector.lambda$createCacheFilter$3(Ljakarta/servlet/ServletRequest;Ljakarta/servlet/ServletResponse;Ljakarta/servlet/FilterChain;)V+13
j  org.springframework.web.servlet.handler.HandlerMappingIntrospector$$Lambda+0x00000070015e38c0.doFilter(Ljakarta/servlet/ServletRequest;Ljakarta/servlet/ServletResponse;Ljakarta/servlet/FilterChain;)V+7
j  org.springframework.web.filter.CompositeFilter$VirtualFilterChain.doFilter(Ljakarta/servlet/ServletRequest;Ljakarta/servlet/ServletResponse;)V+63
j  org.springframework.web.filter.CompositeFilter.doFilter(Ljakarta/servlet/ServletRequest;Ljakarta/servlet/ServletResponse;Ljakarta/servlet/FilterChain;)V+14
j  org.springframework.security.config.annotation.web.configuration.WebMvcSecurityConfiguration$CompositeFilterChainProxy.doFilter(Ljakarta/servlet/ServletRequest;Ljakarta/servlet/ServletResponse;Ljakarta/servlet/FilterChain;)V+7
j  org.springframework.web.filter.DelegatingFilterProxy.invokeDelegate(Ljakarta/servlet/Filter;Ljakarta/servlet/ServletRequest;Ljakarta/servlet/ServletResponse;Ljakarta/servlet/FilterChain;)V+5
j  org.springframework.web.filter.DelegatingFilterProxy.doFilter(Ljakarta/servlet/ServletRequest;Ljakarta/servlet/ServletResponse;Ljakarta/servlet/FilterChain;)V+85
j  org.apache.catalina.core.ApplicationFilterChain.internalDoFilter(Ljakarta/servlet/ServletRequest;Ljakarta/servlet/ServletResponse;)V+130
j  org.apache.catalina.core.ApplicationFilterChain.doFilter(Ljakarta/servlet/ServletRequest;Ljakarta/servlet/ServletResponse;)V+99
j  org.springframework.web.filter.RequestContextFilter.doFilterInternal(Ljakarta/servlet/http/HttpServletRequest;Ljakarta/servlet/http/HttpServletResponse;Ljakarta/servlet/FilterChain;)V+21
j  org.springframework.web.filter.OncePerRequestFilter.doFilter(Ljakarta/servlet/ServletRequest;Ljakarta/servlet/ServletResponse;Ljakarta/servlet/FilterChain;)V+150
j  org.apache.catalina.core.ApplicationFilterChain.internalDoFilter(Ljakarta/servlet/ServletRequest;Ljakarta/servlet/ServletResponse;)V+130
j  org.apache.catalina.core.ApplicationFilterChain.doFilter(Ljakarta/servlet/ServletRequest;Ljakarta/servlet/ServletResponse;)V+99
j  org.springframework.web.filter.FormContentFilter.doFilterInternal(Ljakarta/servlet/http/HttpServletRequest;Ljakarta/servlet/http/HttpServletResponse;Ljakarta/servlet/FilterChain;)V+38
j  org.springframework.web.filter.OncePerRequestFilter.doFilter(Ljakarta/servlet/ServletRequest;Ljakarta/servlet/ServletResponse;Ljakarta/servlet/FilterChain;)V+150
j  org.apache.catalina.core.ApplicationFilterChain.internalDoFilter(Ljakarta/servlet/ServletRequest;Ljakarta/servlet/ServletResponse;)V+130
...<more frames>...
Java frames: (J=compiled Java code, j=interpreted, Vv=VM code)
j  com.sun.jna.Native.invokePointer(Lcom/sun/jna/Function;JI[Ljava/lang/Object;)J+0
j  com.sun.jna.Function.invokePointer(I[Ljava/lang/Object;)Lcom/sun/jna/Pointer;+7
j  com.sun.jna.Function.invoke([Ljava/lang/Object;Ljava/lang/Class;ZI)Ljava/lang/Object;+387
j  com.sun.jna.Function.invoke(Ljava/lang/reflect/Method;[Ljava/lang/Class;Ljava/lang/Class;[Ljava/lang/Object;Ljava/util/Map;)Ljava/lang/Object;+271
j  com.sun.jna.Library$Handler.invoke(Ljava/lang/Object;Ljava/lang/reflect/Method;[Ljava/lang/Object;)Ljava/lang/Object;+390
j  jdk.proxy2.$Proxy98.TessBaseAPIGetUTF8Text(Lnet/sourceforge/tess4j/ITessAPI$TessBaseAPI;)Lcom/sun/jna/Pointer;+16 jdk.proxy2
j  net.sourceforge.tess4j.Tesseract.getOCRText(Ljava/lang/String;I)Ljava/lang/String;+309
j  net.sourceforge.tess4j.Tesseract.doOCR(Ljavax/imageio/IIOImage;Ljava/lang/String;Ljava/util/List;I)Ljava/lang/String;+91
j  net.sourceforge.tess4j.Tesseract.doOCR(Ljava/util/List;Ljava/lang/String;Ljava/util/List;)Ljava/lang/String;+106
j  net.sourceforge.tess4j.ITesseract.doOCR(Ljava/awt/image/BufferedImage;Ljava/lang/String;Ljava/util/List;)Ljava/lang/String;+27
j  net.sourceforge.tess4j.ITesseract.doOCR(Ljava/awt/image/BufferedImage;)Ljava/lang/String;+7
j  org.example.supperapp.examservice.service.FileService.parseListening(Lorg/apache/pdfbox/pdmodel/PDDocument;III)Ljava/util/List;+165
j  org.example.supperapp.examservice.service.FileService.parsePart3(Lorg/apache/pdfbox/pdmodel/PDDocument;Ljava/lang/Integer;Ljava/lang/Integer;)Lorg/example/supperapp/examservice/entity/Exam;+36
j  org.example.supperapp.examservice.service.FileService.uploadFile(Lorg/springframework/web/multipart/MultipartFile;Ljava/lang/Integer;Ljava/lang/Integer;)V+54
j  org.example.supperapp.examservice.controller.FileController.importExam(Lorg/springframework/web/multipart/MultipartFile;Ljava/lang/Integer;Ljava/lang/Integer;)Lorg/springframework/http/ResponseEntity;+7
j  java.lang.invoke.LambdaForm$DMH+0x00000070013f0400.invokeVirtual(Ljava/lang/Object;Ljava/lang/Object;Ljava/lang/Object;Ljava/lang/Object;Ljava/lang/Object;)Ljava/lang/Object;+16 java.base@21.0.6
j  java.lang.invoke.LambdaForm$MH+0x00000070015e8400.invoke(Ljava/lang/Object;Ljava/lang/Object;Ljava/lang/Object;Ljava/lang/Object;Ljava/lang/Object;)Ljava/lang/Object;+87 java.base@21.0.6
J 4309 c1 jdk.internal.reflect.DirectMethodHandleAccessor.invoke(Ljava/lang/Object;[Ljava/lang/Object;)Ljava/lang/Object; java.base@21.0.6 (92 bytes) @ 0x000000010dbb5d10 [0x000000010dbb5900+0x0000000000000410]
J 4340 c1 java.lang.reflect.Method.invoke(Ljava/lang/Object;[Ljava/lang/Object;)Ljava/lang/Object; java.base@21.0.6 (108 bytes) @ 0x000000010dbc10e0 [0x000000010dbc0f00+0x00000000000001e0]
j  org.springframework.web.method.support.InvocableHandlerMethod.doInvoke([Ljava/lang/Object;)Ljava/lang/Object;+55
j  org.springframework.web.method.support.InvocableHandlerMethod.invokeForRequest(Lorg/springframework/web/context/request/NativeWebRequest;Lorg/springframework/web/method/support/ModelAndViewContainer;[Ljava/lang/Object;)Ljava/lang/Object;+82
j  org.springframework.web.servlet.mvc.method.annotation.ServletInvocableHandlerMethod.invokeAndHandle(Lorg/springframework/web/context/request/ServletWebRequest;Lorg/springframework/web/method/support/ModelAndViewContainer;[Ljava/lang/Object;)V+4
j  org.springframework.web.servlet.mvc.method.annotation.RequestMappingHandlerAdapter.invokeHandlerMethod(Ljakarta/servlet/http/HttpServletRequest;Ljakarta/servlet/http/HttpServletResponse;Lorg/springframework/web/method/HandlerMethod;)Lorg/springframework/web/servlet/ModelAndView;+309
j  org.springframework.web.servlet.mvc.method.annotation.RequestMappingHandlerAdapter.handleInternal(Ljakarta/servlet/http/HttpServletRequest;Ljakarta/servlet/http/HttpServletResponse;Lorg/springframework/web/method/HandlerMethod;)Lorg/springframework/web/servlet/ModelAndView;+81
j  org.springframework.web.servlet.mvc.method.AbstractHandlerMethodAdapter.handle(Ljakarta/servlet/http/HttpServletRequest;Ljakarta/servlet/http/HttpServletResponse;Ljava/lang/Object;)Lorg/springframework/web/servlet/ModelAndView;+7
j  org.springframework.web.servlet.DispatcherServlet.doDispatch(Ljakarta/servlet/http/HttpServletRequest;Ljakarta/servlet/http/HttpServletResponse;)V+259
j  org.springframework.web.servlet.DispatcherServlet.doService(Ljakarta/servlet/http/HttpServletRequest;Ljakarta/servlet/http/HttpServletResponse;)V+242
j  org.springframework.web.servlet.FrameworkServlet.processRequest(Ljakarta/servlet/http/HttpServletRequest;Ljakarta/servlet/http/HttpServletResponse;)V+70
j  org.springframework.web.servlet.FrameworkServlet.doPost(Ljakarta/servlet/http/HttpServletRequest;Ljakarta/servlet/http/HttpServletResponse;)V+3
j  jakarta.servlet.http.HttpServlet.service(Ljakarta/servlet/http/HttpServletRequest;Ljakarta/servlet/http/HttpServletResponse;)V+150
j  org.springframework.web.servlet.FrameworkServlet.service(Ljakarta/servlet/http/HttpServletRequest;Ljakarta/servlet/http/HttpServletResponse;)V+20
j  jakarta.servlet.http.HttpServlet.service(Ljakarta/servlet/ServletRequest;Ljakarta/servlet/ServletResponse;)V+37
j  org.apache.catalina.core.ApplicationFilterChain.internalDoFilter(Ljakarta/servlet/ServletRequest;Ljakarta/servlet/ServletResponse;)V+300
j  org.apache.catalina.core.ApplicationFilterChain.doFilter(Ljakarta/servlet/ServletRequest;Ljakarta/servlet/ServletResponse;)V+99
j  org.apache.tomcat.websocket.server.WsFilter.doFilter(Ljakarta/servlet/ServletRequest;Ljakarta/servlet/ServletResponse;Ljakarta/servlet/FilterChain;)V+21
j  org.apache.catalina.core.ApplicationFilterChain.internalDoFilter(Ljakarta/servlet/ServletRequest;Ljakarta/servlet/ServletResponse;)V+130
j  org.apache.catalina.core.ApplicationFilterChain.doFilter(Ljakarta/servlet/ServletRequest;Ljakarta/servlet/ServletResponse;)V+99
j  org.springframework.web.filter.CompositeFilter$VirtualFilterChain.doFilter(Ljakarta/servlet/ServletRequest;Ljakarta/servlet/ServletResponse;)V+22
j  org.springframework.security.web.FilterChainProxy.lambda$doFilterInternal$3(Lorg/springframework/security/web/firewall/FirewalledRequest;Ljakarta/servlet/FilterChain;Ljakarta/servlet/ServletRequest;Ljakarta/servlet/ServletResponse;)V+35
j  org.springframework.security.web.FilterChainProxy$$Lambda+0x0000007001624e50.doFilter(Ljakarta/servlet/ServletRequest;Ljakarta/servlet/ServletResponse;)V+10
j  org.springframework.security.web.FilterChainProxy$VirtualFilterChain.doFilter(Ljakarta/servlet/ServletRequest;Ljakarta/servlet/ServletResponse;)V+17
j  org.springframework.security.web.access.intercept.AuthorizationFilter.doFilter(Ljakarta/servlet/ServletRequest;Ljakarta/servlet/ServletResponse;Ljakarta/servlet/FilterChain;)V+143
j  org.springframework.security.web.FilterChainProxy$VirtualFilterChain.doFilter(Ljakarta/servlet/ServletRequest;Ljakarta/servlet/ServletResponse;)V+105
j  org.springframework.security.web.access.ExceptionTranslationFilter.doFilter(Ljakarta/servlet/http/HttpServletRequest;Ljakarta/servlet/http/HttpServletResponse;Ljakarta/servlet/FilterChain;)V+3
j  org.springframework.security.web.access.ExceptionTranslationFilter.doFilter(Ljakarta/servlet/ServletRequest;Ljakarta/servlet/ServletResponse;Ljakarta/servlet/FilterChain;)V+10
j  org.springframework.security.web.FilterChainProxy$VirtualFilterChain.doFilter(Ljakarta/servlet/ServletRequest;Ljakarta/servlet/ServletResponse;)V+105
j  org.springframework.security.web.authentication.AnonymousAuthenticationFilter.doFilter(Ljakarta/servlet/ServletRequest;Ljakarta/servlet/ServletResponse;Ljakarta/servlet/FilterChain;)V+33
j  org.springframework.security.web.FilterChainProxy$VirtualFilterChain.doFilter(Ljakarta/servlet/ServletRequest;Ljakarta/servlet/ServletResponse;)V+105
j  org.springframework.security.web.servletapi.SecurityContextHolderAwareRequestFilter.doFilter(Ljakarta/servlet/ServletRequest;Ljakarta/servlet/ServletResponse;Ljakarta/servlet/FilterChain;)V+19
j  org.springframework.security.web.FilterChainProxy$VirtualFilterChain.doFilter(Ljakarta/servlet/ServletRequest;Ljakarta/servlet/ServletResponse;)V+105
j  org.springframework.security.web.savedrequest.RequestCacheAwareFilter.doFilter(Ljakarta/servlet/ServletRequest;Ljakarta/servlet/ServletResponse;Ljakarta/servlet/FilterChain;)V+32
j  org.springframework.security.web.FilterChainProxy$VirtualFilterChain.doFilter(Ljakarta/servlet/ServletRequest;Ljakarta/servlet/ServletResponse;)V+105
j  org.springframework.security.oauth2.server.resource.web.authentication.BearerTokenAuthenticationFilter.doFilterInternal(Ljakarta/servlet/http/HttpServletRequest;Ljakarta/servlet/http/HttpServletResponse;Ljakarta/servlet/FilterChain;)V+63
j  org.springframework.web.filter.OncePerRequestFilter.doFilter(Ljakarta/servlet/ServletRequest;Ljakarta/servlet/ServletResponse;Ljakarta/servlet/FilterChain;)V+150
j  org.springframework.security.web.FilterChainProxy$VirtualFilterChain.doFilter(Ljakarta/servlet/ServletRequest;Ljakarta/servlet/ServletResponse;)V+105
j  org.springframework.security.web.authentication.logout.LogoutFilter.doFilter(Ljakarta/servlet/http/HttpServletRequest;Ljakarta/servlet/http/HttpServletResponse;Ljakarta/servlet/FilterChain;)V+83
j  org.springframework.security.web.authentication.logout.LogoutFilter.doFilter(Ljakarta/servlet/ServletRequest;Ljakarta/servlet/ServletResponse;Ljakarta/servlet/FilterChain;)V+10
j  org.springframework.security.web.FilterChainProxy$VirtualFilterChain.doFilter(Ljakarta/servlet/ServletRequest;Ljakarta/servlet/ServletResponse;)V+105
j  org.springframework.web.filter.CorsFilter.doFilterInternal(Ljakarta/servlet/http/HttpServletRequest;Ljakarta/servlet/http/HttpServletResponse;Ljakarta/servlet/FilterChain;)V+43
j  org.springframework.web.filter.OncePerRequestFilter.doFilter(Ljakarta/servlet/ServletRequest;Ljakarta/servlet/ServletResponse;Ljakarta/servlet/FilterChain;)V+150
j  org.springframework.security.web.FilterChainProxy$VirtualFilterChain.doFilter(Ljakarta/servlet/ServletRequest;Ljakarta/servlet/ServletResponse;)V+105
j  org.springframework.security.web.header.HeaderWriterFilter.doHeadersAfter(Ljakarta/servlet/http/HttpServletRequest;Ljakarta/servlet/http/HttpServletResponse;Ljakarta/servlet/FilterChain;)V+29
j  org.springframework.security.web.header.HeaderWriterFilter.doFilterInternal(Ljakarta/servlet/http/HttpServletRequest;Ljakarta/servlet/http/HttpServletResponse;Ljakarta/servlet/FilterChain;)V+21
j  org.springframework.web.filter.OncePerRequestFilter.doFilter(Ljakarta/servlet/ServletRequest;Ljakarta/servlet/ServletResponse;Ljakarta/servlet/FilterChain;)V+150
j  org.springframework.security.web.FilterChainProxy$VirtualFilterChain.doFilter(Ljakarta/servlet/ServletRequest;Ljakarta/servlet/ServletResponse;)V+105
j  org.springframework.security.web.context.SecurityContextHolderFilter.doFilter(Ljakarta/servlet/http/HttpServletRequest;Ljakarta/servlet/http/HttpServletResponse;Ljakarta/servlet/FilterChain;)V+59
j  org.springframework.security.web.context.SecurityContextHolderFilter.doFilter(Ljakarta/servlet/ServletRequest;Ljakarta/servlet/ServletResponse;Ljakarta/servlet/FilterChain;)V+10
j  org.springframework.security.web.FilterChainProxy$VirtualFilterChain.doFilter(Ljakarta/servlet/ServletRequest;Ljakarta/servlet/ServletResponse;)V+105
j  org.springframework.security.web.context.request.async.WebAsyncManagerIntegrationFilter.doFilterInternal(Ljakarta/servlet/http/HttpServletRequest;Ljakarta/servlet/http/HttpServletResponse;Ljakarta/servlet/FilterChain;)V+55
j  org.springframework.web.filter.OncePerRequestFilter.doFilter(Ljakarta/servlet/ServletRequest;Ljakarta/servlet/ServletResponse;Ljakarta/servlet/FilterChain;)V+150
j  org.springframework.security.web.FilterChainProxy$VirtualFilterChain.doFilter(Ljakarta/servlet/ServletRequest;Ljakarta/servlet/ServletResponse;)V+105
j  org.springframework.security.web.session.DisableEncodeUrlFilter.doFilterInternal(Ljakarta/servlet/http/HttpServletRequest;Ljakarta/servlet/http/HttpServletResponse;Ljakarta/servlet/FilterChain;)V+10
j  org.springframework.web.filter.OncePerRequestFilter.doFilter(Ljakarta/servlet/ServletRequest;Ljakarta/servlet/ServletResponse;Ljakarta/servlet/FilterChain;)V+150
j  org.springframework.security.web.FilterChainProxy$VirtualFilterChain.doFilter(Ljakarta/servlet/ServletRequest;Ljakarta/servlet/ServletResponse;)V+105
j  org.springframework.security.web.FilterChainProxy.doFilterInternal(Ljakarta/servlet/ServletRequest;Ljakarta/servlet/ServletResponse;Ljakarta/servlet/FilterChain;)V+163
j  org.springframework.security.web.FilterChainProxy.doFilter(Ljakarta/servlet/ServletRequest;Ljakarta/servlet/ServletResponse;Ljakarta/servlet/FilterChain;)V+48
j  org.springframework.web.filter.CompositeFilter$VirtualFilterChain.doFilter(Ljakarta/servlet/ServletRequest;Ljakarta/servlet/ServletResponse;)V+63
j  org.springframework.web.servlet.handler.HandlerMappingIntrospector.lambda$createCacheFilter$3(Ljakarta/servlet/ServletRequest;Ljakarta/servlet/ServletResponse;Ljakarta/servlet/FilterChain;)V+13
j  org.springframework.web.servlet.handler.HandlerMappingIntrospector$$Lambda+0x00000070015e38c0.doFilter(Ljakarta/servlet/ServletRequest;Ljakarta/servlet/ServletResponse;Ljakarta/servlet/FilterChain;)V+7
j  org.springframework.web.filter.CompositeFilter$VirtualFilterChain.doFilter(Ljakarta/servlet/ServletRequest;Ljakarta/servlet/ServletResponse;)V+63
j  org.springframework.web.filter.CompositeFilter.doFilter(Ljakarta/servlet/ServletRequest;Ljakarta/servlet/ServletResponse;Ljakarta/servlet/FilterChain;)V+14
j  org.springframework.security.config.annotation.web.configuration.WebMvcSecurityConfiguration$CompositeFilterChainProxy.doFilter(Ljakarta/servlet/ServletRequest;Ljakarta/servlet/ServletResponse;Ljakarta/servlet/FilterChain;)V+7
j  org.springframework.web.filter.DelegatingFilterProxy.invokeDelegate(Ljakarta/servlet/Filter;Ljakarta/servlet/ServletRequest;Ljakarta/servlet/ServletResponse;Ljakarta/servlet/FilterChain;)V+5
j  org.springframework.web.filter.DelegatingFilterProxy.doFilter(Ljakarta/servlet/ServletRequest;Ljakarta/servlet/ServletResponse;Ljakarta/servlet/FilterChain;)V+85
j  org.apache.catalina.core.ApplicationFilterChain.internalDoFilter(Ljakarta/servlet/ServletRequest;Ljakarta/servlet/ServletResponse;)V+130
j  org.apache.catalina.core.ApplicationFilterChain.doFilter(Ljakarta/servlet/ServletRequest;Ljakarta/servlet/ServletResponse;)V+99
j  org.springframework.web.filter.RequestContextFilter.doFilterInternal(Ljakarta/servlet/http/HttpServletRequest;Ljakarta/servlet/http/HttpServletResponse;Ljakarta/servlet/FilterChain;)V+21
j  org.springframework.web.filter.OncePerRequestFilter.doFilter(Ljakarta/servlet/ServletRequest;Ljakarta/servlet/ServletResponse;Ljakarta/servlet/FilterChain;)V+150
j  org.apache.catalina.core.ApplicationFilterChain.internalDoFilter(Ljakarta/servlet/ServletRequest;Ljakarta/servlet/ServletResponse;)V+130
j  org.apache.catalina.core.ApplicationFilterChain.doFilter(Ljakarta/servlet/ServletRequest;Ljakarta/servlet/ServletResponse;)V+99
j  org.springframework.web.filter.FormContentFilter.doFilterInternal(Ljakarta/servlet/http/HttpServletRequest;Ljakarta/servlet/http/HttpServletResponse;Ljakarta/servlet/FilterChain;)V+38
j  org.springframework.web.filter.OncePerRequestFilter.doFilter(Ljakarta/servlet/ServletRequest;Ljakarta/servlet/ServletResponse;Ljakarta/servlet/FilterChain;)V+150
j  org.apache.catalina.core.ApplicationFilterChain.internalDoFilter(Ljakarta/servlet/ServletRequest;Ljakarta/servlet/ServletResponse;)V+130
j  org.apache.catalina.core.ApplicationFilterChain.doFilter(Ljakarta/servlet/ServletRequest;Ljakarta/servlet/ServletResponse;)V+99
j  org.springframework.web.filter.CharacterEncodingFilter.doFilterInternal(Ljakarta/servlet/http/HttpServletRequest;Ljakarta/servlet/http/HttpServletResponse;Ljakarta/servlet/FilterChain;)V+53
j  org.springframework.web.filter.OncePerRequestFilter.doFilter(Ljakarta/servlet/ServletRequest;Ljakarta/servlet/ServletResponse;Ljakarta/servlet/FilterChain;)V+150
j  org.apache.catalina.core.ApplicationFilterChain.internalDoFilter(Ljakarta/servlet/ServletRequest;Ljakarta/servlet/ServletResponse;)V+130
j  org.apache.catalina.core.ApplicationFilterChain.doFilter(Ljakarta/servlet/ServletRequest;Ljakarta/servlet/ServletResponse;)V+99
j  org.apache.catalina.core.StandardWrapperValve.invoke(Lorg/apache/catalina/connector/Request;Lorg/apache/catalina/connector/Response;)V+514
j  org.apache.catalina.core.StandardContextValve.invoke(Lorg/apache/catalina/connector/Request;Lorg/apache/catalina/connector/Response;)V+169
j  org.apache.catalina.authenticator.AuthenticatorBase.invoke(Lorg/apache/catalina/connector/Request;Lorg/apache/catalina/connector/Response;)V+218
j  org.apache.catalina.core.StandardHostValve.invoke(Lorg/apache/catalina/connector/Request;Lorg/apache/catalina/connector/Response;)V+131
j  org.apache.catalina.valves.ErrorReportValve.invoke(Lorg/apache/catalina/connector/Request;Lorg/apache/catalina/connector/Response;)V+6
j  org.apache.catalina.core.StandardEngineValve.invoke(Lorg/apache/catalina/connector/Request;Lorg/apache/catalina/connector/Response;)V+59
j  org.apache.catalina.connector.CoyoteAdapter.service(Lorg/apache/coyote/Request;Lorg/apache/coyote/Response;)V+188
j  org.apache.coyote.http11.Http11Processor.service(Lorg/apache/tomcat/util/net/SocketWrapperBase;)Lorg/apache/tomcat/util/net/AbstractEndpoint$Handler$SocketState;+795
j  org.apache.coyote.AbstractProcessorLight.process(Lorg/apache/tomcat/util/net/SocketWrapperBase;Lorg/apache/tomcat/util/net/SocketEvent;)Lorg/apache/tomcat/util/net/AbstractEndpoint$Handler$SocketState;+152
j  org.apache.coyote.AbstractProtocol$ConnectionHandler.process(Lorg/apache/tomcat/util/net/SocketWrapperBase;Lorg/apache/tomcat/util/net/SocketEvent;)Lorg/apache/tomcat/util/net/AbstractEndpoint$Handler$SocketState;+482
j  org.apache.tomcat.util.net.NioEndpoint$SocketProcessor.doRun()V+249
j  org.apache.tomcat.util.net.SocketProcessorBase.run()V+32
j  org.apache.tomcat.util.threads.ThreadPoolExecutor.runWorker(Lorg/apache/tomcat/util/threads/ThreadPoolExecutor$Worker;)V+92
j  org.apache.tomcat.util.threads.ThreadPoolExecutor$Worker.run()V+5
j  org.apache.tomcat.util.threads.TaskThread$WrappingRunnable.run()V+4
j  java.lang.Thread.runWith(Ljava/lang/Object;Ljava/lang/Runnable;)V+5 java.base@21.0.6
j  java.lang.Thread.run()V+19 java.base@21.0.6
v  ~StubRoutines::call_stub 0x000000010d420154

siginfo: si_signo: 11 (SIGSEGV), si_code: 2 (SEGV_ACCERR), si_addr: 0x000000000000000c

Registers:
 x0=0x000000011b24be40  x1=0x0000000000000000  x2=0x0000000000000000  x3=0x0000000000000000
 x4=0x0000000000000000  x5=0x0000000000000000  x6=0xfb5b11c8007fc300  x7=0x0000000000000580
 x8=0x0000000000000000  x9=0x0000000000000000 x10=0x00006000039e4bd0 x11=0x00006000039e4d20
x12=0x0000600003432600 x13=0x0000000000000001 x14=0x00000000fffffefe x15=0x00000000000007fb
x16=0x0000000183aaa770 x17=0x00000001f1327120 x18=0x0000000000000000 x19=0x0000000000000000
x20=0x00006000016cc190 x21=0x0000000160858000 x22=0x0000000000000000 x23=0x0000000000000000
x24=0x0000000000000000 x25=0x0000000000000001 x26=0x0000000160879b7c x27=0x000000016087b102
x28=0x000000016087c9a0  fp=0x0000000172b19b40  lr=0x000000011444836c  sp=0x0000000172b19980
pc=0x000000011444838c cpsr=0x0000000080001000

Register to memory mapping:

x0 =0x000000011b24be40 points into unknown readable memory: 0x000000011b249610 | 10 96 24 1b 01 00 00 00
x1 =0x0 is null
x2 =0x0 is null
x3 =0x0 is null
x4 =0x0 is null
x5 =0x0 is null
x6 =0xfb5b11c8007fc300 is an unknown value
x7 =0x0000000000000580 is an unknown value
x8 =0x0 is null
x9 =0x0 is null
x10=0x00006000039e4bd0 points into unknown readable memory: 0x00006000039e4bd0 | d0 4b 9e 03 00 60 00 00
x11=0x00006000039e4d20 points into unknown readable memory: 0x00006000039e4de0 | e0 4d 9e 03 00 60 00 00
x12=0x0000600003432600 points into unknown readable memory: 0x00006000034321c0 | c0 21 43 03 00 60 00 00
x13=0x0000000000000001 is an unknown value
x14=0x00000000fffffefe is an unknown value
x15=0x00000000000007fb is an unknown value
x16=0x0000000183aaa770: _platform_strcmp$VARIANT$Base+0 in /usr/lib/system/libsystem_platform.dylib at 0x0000000183aa6000
x17=0x00000001f1327120 points into unknown readable memory: 0x0000000183aa9050 | 50 90 aa 83 01 00 00 00
x18=0x0 is null
x19=0x0 is null
x20=0x00006000016cc190 points into unknown readable memory: 0x0000000000000000 | 00 00 00 00 00 00 00 00
x21=0x0000000160858000 points into unknown readable memory: 0x00000001145f11f0 | f0 11 5f 14 01 00 00 00
x22=0x0 is null
x23=0x0 is null
x24=0x0 is null
x25=0x0000000000000001 is an unknown value
x26=0x0000000160879b7c points into unknown readable memory: 06 00 00 00
x27=0x000000016087b102 points into unknown readable memory: 00 00 0a 19 07 2c
x28=0x000000016087c9a0 points into unknown readable memory: 0x3f80000000000000 | 00 00 00 00 00 00 80 3f
 fp=0x0000000172b19b40 is pointing into the stack for thread: 0x000000015b38a400
 lr=0x000000011444836c: _ZN9tesseract9Tesseract15recog_all_wordsEPNS_8PAGE_RESEPNS_10ETEXT_DESCEPKNS_4TBOXEPKci+0x9c in /opt/homebrew/Cellar/tesseract/5.5.3/lib/libtesseract.5.dylib at 0x0000000114420000
 sp=0x0000000172b19980 is pointing into the stack for thread: 0x000000015b38a400

Top of Stack: (sp=0x0000000172b19980)
0x0000000172b19980:   0000000000000000 000000011b251590
0x0000000172b19990:   0000000000000000 0000000000000000
0x0000000172b199a0:   00006000016cc190 0000000000000000
0x0000000172b199b0:   0000000000000000 0000000000000000
0x0000000172b199c0:   000000011b24be40 00006000039e4b70
0x0000000172b199d0:   00006000039e4bd0 000000011b24cb50
0x0000000172b199e0:   00006000039e4d20 00006000039e4bd0
0x0000000172b199f0:   00006000016cc198 00006000039e4bd0
0x0000000172b19a00:   00006000039e4bd0 00006000039e4bd0
0x0000000172b19a10:   00006000039e4bd0 0000000114000000
0x0000000172b19a20:   00006000039e4bf8 00006000039e4b70
0x0000000172b19a30:   00006000039e4d20 00006000039e4de0
0x0000000172b19a40:   00006000039e4b70 0000600001010000
0x0000000172b19a50:   00006000039e4d40 000000011b24cb50
0x0000000172b19a60:   000000011b24c3b0 000000011b24ce10
0x0000000172b19a70:   000000011b24cb50 0000000000010000
0x0000000172b19a80:   00006000039e4b90 000000011b24c020
0x0000000172b19a90:   000000011b24be40 000000011b249610
0x0000000172b19aa0:   000000011b24be40 0000000114000000
0x0000000172b19ab0:   00006000039e4d40 000000011b24d260
0x0000000172b19ac0:   000000011b24cb50 000000011b24c3b0
0x0000000172b19ad0:   000000011b24cb50 0000600003000000
0x0000000172b19ae0:   0000000172b19df0 0000000160879a6a
0x0000000172b19af0:   0000000172b19d90 0000000000000000
0x0000000172b19b00:   0000000172b19d50 0000000000000001
0x0000000172b19b10:   0000000172b19df0 0000000160879a6a
0x0000000172b19b20:   0000000160858000 00006000016cc190
0x0000000172b19b30:   0000000000000000 0000600000d26490
0x0000000172b19b40:   0000000172b19ba0 0000000114424ab8
0x0000000172b19b50:   000000700044f790 0000000000000001
0x0000000172b19b60:   0000000172b19da8 000000010d427680
0x0000000172b19b70:   0000000172b19df0 0000000000000001 

Instructions: (pc=0x000000011444838c)
0x000000011444828c:   f8 5f 42 a9 ff 83 01 91 c0 03 5f d6 07 00 00 14
0x000000011444829c:   f4 03 00 aa e8 7f c0 39 a8 00 f8 36 e0 07 40 f9
0x00000001144482ac:   c1 ea 04 94 02 00 00 14 f4 03 00 aa 68 5e c0 39
0x00000001144482bc:   68 00 f8 36 60 02 40 f9 bb ea 04 94 e0 03 14 aa
0x00000001144482cc:   99 e9 04 94 ff 43 07 d1 fc 6f 17 a9 fa 67 18 a9
0x00000001144482dc:   f8 5f 19 a9 f6 57 1a a9 f4 4f 1b a9 fd 7b 1c a9
0x00000001144482ec:   fd 03 07 91 f7 03 05 aa f8 03 04 aa e3 03 00 f9
0x00000001144482fc:   f3 03 02 aa f4 03 01 aa f5 03 00 aa ff 53 00 f9
0x000000011444830c:   ff 6b 00 f9 08 90 40 91 1c 81 26 91 08 8c 40 91
0x000000011444831c:   1b 09 04 91 ff 83 00 f9 ff 9b 00 f9 08 84 40 91
0x000000011444832c:   1a f1 2d 91 ff 3b 00 f9 e1 13 00 f9 e0 83 00 91
0x000000011444833c:   01 00 80 52 b0 67 01 94 48 3b 66 39 1f 05 00 71
0x000000011444834c:   61 00 00 54 48 bb 26 39 68 83 0c 39 ff 06 00 71
0x000000011444835c:   e8 0d 00 54 e0 83 00 91 01 00 80 52 a6 67 01 94
0x000000011444836c:   a8 c2 54 b9 f6 03 18 aa 1f 05 00 71 8b 00 00 54
0x000000011444837c:   e0 03 15 aa f3 f5 01 94 06 00 00 14 a8 e2 44 f9
0x000000011444838c:   08 31 40 39 68 00 00 34 e0 03 15 aa 0d f6 01 94
0x000000011444839c:   99 63 45 a9 3f 03 18 eb a0 01 00 54 20 03 40 f9
0x00000001144483ac:   08 c0 54 b9 1f 05 00 71 6b 00 00 54 e5 f5 01 94
0x00000001144483bc:   05 00 00 14 08 e0 44 f9 08 31 40 39 48 00 00 34
0x00000001144483cc:   00 f6 01 94 39 23 00 91 f3 ff ff 17 ff ff 00 a9
0x00000001144483dc:   ff 0f 00 f9 e5 23 00 91 e0 03 15 aa 21 00 80 52
0x00000001144483ec:   e2 03 40 f9 f8 03 16 aa e3 03 16 aa e4 03 14 aa
0x00000001144483fc:   d5 fc ff 97 68 8b 25 91 08 01 40 b9 88 00 00 34
0x000000011444840c:   e1 23 00 91 e0 03 15 aa c1 f0 00 94 e9 a3 40 a9
0x000000011444841c:   08 01 09 cb 08 fd 44 d3 a9 99 99 52 89 99 b9 72
0x000000011444842c:   08 7d 09 1b 88 7f 05 29 a8 92 40 91 08 f1 26 91
0x000000011444843c:   1f 01 00 f9 1f 11 00 79 95 37 00 f9 e3 83 00 91
0x000000011444844c:   e4 23 00 91 e0 03 15 aa 21 00 80 52 e2 03 13 aa
0x000000011444845c:   71 fd ff 97 60 04 00 34 e0 83 00 91 01 00 80 52
0x000000011444846c:   65 67 01 94 e8 23 40 f9 68 04 00 b4 09 05 40 f9
0x000000011444847c:   29 65 40 39 c9 01 08 37 09 91 40 f9 29 31 42 39 


Stack slot to memory mapping:

stack at sp + 0 slots: 0x0 is null
stack at sp + 1 slots: 0x000000011b251590 points into unknown readable memory: 0x000000011b2513b0 | b0 13 25 1b 01 00 00 00
stack at sp + 2 slots: 0x0 is null
stack at sp + 3 slots: 0x0 is null
stack at sp + 4 slots: 0x00006000016cc190 points into unknown readable memory: 0x0000000000000000 | 00 00 00 00 00 00 00 00
stack at sp + 5 slots: 0x0 is null
stack at sp + 6 slots: 0x0 is null
stack at sp + 7 slots: 0x0 is null


Compiled method (c1) 8692 4309   !   1       jdk.internal.reflect.DirectMethodHandleAccessor::invoke (92 bytes)
 total in heap  [0x000000010dbb5590,0x000000010dbb7400] = 7792
 relocation     [0x000000010dbb56e0,0x000000010dbb58f8] = 536
 main code      [0x000000010dbb5900,0x000000010dbb6268] = 2408
 stub code      [0x000000010dbb6268,0x000000010dbb6428] = 448
 oops           [0x000000010dbb6428,0x000000010dbb6478] = 80
 metadata       [0x000000010dbb6478,0x000000010dbb6558] = 224
 scopes data    [0x000000010dbb6558,0x000000010dbb6890] = 824
 scopes pcs     [0x000000010dbb6890,0x000000010dbb6c60] = 976
 dependencies   [0x000000010dbb6c60,0x000000010dbb6c68] = 8
 handler table  [0x000000010dbb6c68,0x000000010dbb7358] = 1776
 nul chk table  [0x000000010dbb7358,0x000000010dbb7400] = 168

[Constant Pool (empty)]

[MachCode]
[Entry Point]
  # {method} {0x000000700019ccb0} 'invoke' '(Ljava/lang/Object;[Ljava/lang/Object;)Ljava/lang/Object;' in 'jdk/internal/reflect/DirectMethodHandleAccessor'
  # this:     c_rarg1:c_rarg1 
                        = 'jdk/internal/reflect/DirectMethodHandleAccessor'
  # parm0:    c_rarg2:c_rarg2 
                        = 'java/lang/Object'
  # parm1:    c_rarg3:c_rarg3 
                        = '[Ljava/lang/Object;'
  #           [sp+0x180]  (sp of caller)
  0x000000010dbb5900: 2808 40b9 | 3f01 086b | c001 0054 

  0x000000010dbb590c: ;   {runtime_call ic_miss_stub}
  0x000000010dbb590c: 5d99 e217 | 1f20 03d5 | 1f20 03d5 | 1f20 03d5 | 1f20 03d5 | 1f20 03d5 | 1f20 03d5 | 1f20 03d5 
  0x000000010dbb592c: 1f20 03d5 | 1f20 03d5 | 1f20 03d5 | 1f20 03d5 | 1f20 03d5 
[Verified Entry Point]
  0x000000010dbb5940: 1f20 03d5 | e953 40d1 | 3f01 00f9 | ff03 06d1 | fd7b 17a9 | 2801 0018 | 8923 40b9 | 1f01 09eb 
  0x000000010dbb5960: e000 0054 | 0830 8bd2 | c8a8 a1f2 | 2800 c0f2 | 0001 3fd6 | 0200 0014 | 0d00 0000 | e15b 00f9 
  0x000000010dbb5980: e38b 0ba9 | 2010 40b9 | 0000 1712 | 1f00 0871 | e017 9f9a | 0000 0012 | 1f00 0071 | 2102 0054 
  0x000000010dbb59a0: 2014 40b9 | 00f0 7dd3 

  0x000000010dbb59a8: ; implicit exception: dispatches to 0x000000010dbb6170
  0x000000010dbb59a8: 4408 40b9 | 8408 5cd2 | 8438 40f9 | 8400 40f9 

  0x000000010dbb59b8: ; implicit exception: dispatches to 0x000000010dbb6174
  0x000000010dbb59b8: 1f00 40f9 | e203 04aa | e103 00aa 

  0x000000010dbb59c4: ; ImmutableOopMap {[176]=Oop [184]=Oop [192]=Oop }
                      ;*invokevirtual isAssignableFrom {reexecute=0 rethrow=0 return_oop=0}
                      ; - jdk.internal.reflect.DirectMethodHandleAccessor::checkReceiver@8 (line 196)
                      ; - jdk.internal.reflect.DirectMethodHandleAccessor::invoke@9 (line 99)
                      ;   {optimized virtual_call}
  0x000000010dbb59c4: e3d7 e797 

  0x000000010dbb59c8: ;   {other}
  0x000000010dbb59c8: 1f20 03d5 | 1f87 80f2 | 1f00 80f2 | 1f00 0071 | a035 0054 | e15b 40f9 | 220c 40b9 | e103 02aa 
  0x000000010dbb59e8: e25f 40f9 

  0x000000010dbb59ec: ; ImmutableOopMap {[176]=Oop [184]=Oop [192]=Oop }
                      ;*invokestatic checkArgumentCount {reexecute=0 rethrow=0 return_oop=0}
                      ; - jdk.internal.reflect.DirectMethodHandleAccessor::invoke@17 (line 101)
                      ;   {static_call}
  0x000000010dbb59ec: c507 0094 

  0x000000010dbb59f0: ;   {other}
  0x000000010dbb59f0: 1f20 03d5 | 1f8c 80f2 | 1f20 80f2 | e15b 40f9 | 200c 40b9 | 1f00 0071 | 6010 0054 | 1f04 0071 
  0x000000010dbb5a10: 600c 0054 | 1f08 0071 | e007 0054 | 1f0c 0071 | 0003 0054 | 2018 40b9 | 00f0 7dd3 | e067 00f9 
  0x000000010dbb5a30: ; implicit exception: dispatches to 0x000000010dbb6178
  0x000000010dbb5a30: 0210 40b9 | 42f0 7dd3 

  0x000000010dbb5a38: ;   {oop(a 'java/lang/invoke/MethodType'{0x0000000781028718} = (Ljava/lang/Object;[Ljava/lang/Object;)Ljava/lang/Object;)}
  0x000000010dbb5a38: 03e3 90d2 | 4320 b0f2 | e300 c0f2 | 5f00 03eb | 611f 0054 | 0214 40b9 | 42f0 7dd3 

  0x000000010dbb5a54: ; implicit exception: dispatches to 0x000000010dbb617c
  0x000000010dbb5a54: 421c 40b9 | 42f0 7dd3 | e303 1faa | 5f00 03eb | 8116 0054 | e103 00aa 

  0x000000010dbb5a6c: ; ImmutableOopMap {[176]=Oop [184]=Oop [192]=Oop [200]=Oop }
                      ;*invokestatic maybeCustomize {reexecute=0 rethrow=0 return_oop=0}
                      ; - java.lang.invoke.Invokers::checkCustomized@19 (line 627)
                      ; - java.lang.invoke.Invokers$Holder::invokeExact_MT@14
                      ; - jdk.internal.reflect.DirectMethodHandleAccessor::invokeImpl@104 (line 157)
                      ; - jdk.internal.reflect.DirectMethodHandleAccessor::invoke@23 (line 103)
                      ;   {static_call}
  0x000000010dbb5a6c: e5e3 ea97 

  0x000000010dbb5a70: ;   {other}
  0x000000010dbb5a70: 1f20 03d5 | 1f9c 80f2 | 1f40 80f2 | ae00 0014 | e35f 40f9 | 2018 40b9 | 00f0 7dd3 | e077 00f9 
  0x000000010dbb5a90: ; implicit exception: dispatches to 0x000000010dbb6180
  0x000000010dbb5a90: 620c 40b9 | e403 1f32 | 9f00 026b | 4a37 0054 | 6210 40b9 | 42f0 7dd3 | e26b 00f9 | 6414 40b9 
  0x000000010dbb5ab0: 84f0 7dd3 | e46f 00f9 | 6318 40b9 | 63f0 7dd3 | e373 00f9 

  0x000000010dbb5ac4: ; implicit exception: dispatches to 0x000000010dbb6188
  0x000000010dbb5ac4: 0510 40b9 | a5f0 7dd3 

  0x000000010dbb5acc: ;   {oop(a 'java/lang/invoke/MethodType'{0x00000007805ba0f0} = (Ljava/lang/Object;Ljava/lang/Object;Ljava/lang/Object;Ljava/lang/Object;)Ljava/lang/Object;)}
  0x000000010dbb5acc: 061e 94d2 | 660b b0f2 | e600 c0f2 | bf00 06eb | 2119 0054 | 0514 40b9 | a5f0 7dd3 

  0x000000010dbb5ae8: ; implicit exception: dispatches to 0x000000010dbb618c
  0x000000010dbb5ae8: a51c 40b9 | a5f0 7dd3 | e603 1faa | bf00 06eb | 4110 0054 | e103 00aa 

  0x000000010dbb5b00: ; ImmutableOopMap {[176]=Oop [192]=Oop [208]=Oop [216]=Oop [224]=Oop [232]=Oop }
                      ;*invokestatic maybeCustomize {reexecute=0 rethrow=0 return_oop=0}
                      ; - java.lang.invoke.Invokers::checkCustomized@19 (line 627)
                      ; - java.lang.invoke.LambdaForm$MH/0x0000007001008000::invokeExact_MT@15
                      ; - jdk.internal.reflect.DirectMethodHandleAccessor::invokeImpl@92 (line 156)
                      ; - jdk.internal.reflect.DirectMethodHandleAccessor::invoke@23 (line 103)
                      ;   {static_call}
  0x000000010dbb5b00: c0e3 ea97 

  0x000000010dbb5b04: ;   {other}
  0x000000010dbb5b04: 1f20 03d5 | 9fae 80f2 | 1f60 80f2 | 7c00 0014 | e35f 40f9 | 2018 40b9 | 00f0 7dd3 | e083 00f9 
  0x000000010dbb5b24: ; implicit exception: dispatches to 0x000000010dbb6190
  0x000000010dbb5b24: 620c 40b9 | e403 0032 | 9f00 026b | 2a33 0054 | 6210 40b9 | 42f0 7dd3 | e27b 00f9 | 6314 40b9 
  0x000000010dbb5b44: 63f0 7dd3 | e37f 00f9 

  0x000000010dbb5b4c: ; implicit exception: dispatches to 0x000000010dbb6198
  0x000000010dbb5b4c: 0410 40b9 | 84f0 7dd3 

  0x000000010dbb5b54: ;   {oop(a 'java/lang/invoke/MethodType'{0x00000007805b9ee8} = (Ljava/lang/Object;Ljava/lang/Object;Ljava/lang/Object;)Ljava/lang/Object;)}
  0x000000010dbb5b54: 05dd 93d2 | 650b b0f2 | e500 c0f2 | 9f00 05eb | 4113 0054 | 0414 40b9 | 84f0 7dd3 

  0x000000010dbb5b70: ; implicit exception: dispatches to 0x000000010dbb619c
  0x000000010dbb5b70: 841c 40b9 | 84f0 7dd3 | e503 1faa | 9f00 05eb | 610a 0054 | e103 00aa 

  0x000000010dbb5b88: ; ImmutableOopMap {[176]=Oop [192]=Oop [240]=Oop [248]=Oop [256]=Oop }
                      ;*invokestatic maybeCustomize {reexecute=0 rethrow=0 return_oop=0}
                      ; - java.lang.invoke.Invokers::checkCustomized@19 (line 627)
                      ; - java.lang.invoke.LambdaForm$MH/0x0000007001002800::invokeExact_MT@15
                      ; - jdk.internal.reflect.DirectMethodHandleAccessor::invokeImpl@72 (line 155)
                      ; - jdk.internal.reflect.DirectMethodHandleAccessor::invoke@23 (line 103)
                      ;   {static_call}
  0x000000010dbb5b88: 9ee3 ea97 

  0x000000010dbb5b8c: ;   {other}
  0x000000010dbb5b8c: 1f20 03d5 | 9fbf 80f2 | 1f80 80f2 | 4d00 0014 | e35f 40f9 | 2018 40b9 | 00f0 7dd3 | e08b 00f9 
  0x000000010dbb5bac: ; implicit exception: dispatches to 0x000000010dbb61a0
  0x000000010dbb5bac: 620c 40b9 | 5f00 0071 | 892f 0054 | 6210 40b9 | 42f0 7dd3 | e287 00f9 

  0x000000010dbb5bc4: ; implicit exception: dispatches to 0x000000010dbb61bc
  0x000000010dbb5bc4: 0310 40b9 | 63f0 7dd3 

  0x000000010dbb5bcc: ;   {oop(a 'java/lang/invoke/MethodType'{0x00000007805b9ce8} = (Ljava/lang/Object;Ljava/lang/Object;)Ljava/lang/Object;)}
  0x000000010dbb5bcc: 049d 93d2 | 640b b0f2 | e400 c0f2 | 7f00 04eb | e10d 0054 | 0314 40b9 | 63f0 7dd3 

  0x000000010dbb5be8: ; implicit exception: dispatches to 0x000000010dbb61c0
  0x000000010dbb5be8: 631c 40b9 | 63f0 7dd3 | e403 1faa | 7f00 04eb | 2105 0054 | e103 00aa 

  0x000000010dbb5c00: ; ImmutableOopMap {[176]=Oop [192]=Oop [264]=Oop [272]=Oop }
                      ;*invokestatic maybeCustomize {reexecute=0 rethrow=0 return_oop=0}
                      ; - java.lang.invoke.Invokers::checkCustomized@19 (line 627)
                      ; - java.lang.invoke.Invokers$Holder::invokeExact_MT@14
                      ; - jdk.internal.reflect.DirectMethodHandleAccessor::invokeImpl@55 (line 154)
                      ; - jdk.internal.reflect.DirectMethodHandleAccessor::invoke@23 (line 103)
                      ;   {static_call}
  0x000000010dbb5c00: 80e3 ea97 

  0x000000010dbb5c04: ;   {other}
  0x000000010dbb5c04: 1f20 03d5 | 9fce 80f2 | 1fa0 80f2 | 2300 0014 | 2018 40b9 | 00f0 7dd3 | e08f 00f9 

  0x000000010dbb5c20: ; implicit exception: dispatches to 0x000000010dbb61c4
  0x000000010dbb5c20: 0210 40b9 | 42f0 7dd3 

  0x000000010dbb5c28: ;   {oop(a 'java/lang/invoke/MethodType'{0x00000007805b9bb8} = (Ljava/lang/Object;)Ljava/lang/Object;)}
  0x000000010dbb5c28: 0377 93d2 | 630b b0f2 | e300 c0f2 | 5f00 03eb | 6109 0054 | 0214 40b9 | 42f0 7dd3 

  0x000000010dbb5c44: ; implicit exception: dispatches to 0x000000010dbb61c8
  0x000000010dbb5c44: 421c 40b9 | 42f0 7dd3 | e303 1faa | 5f00 03eb | c100 0054 | e103 00aa 

  0x000000010dbb5c5c: ; ImmutableOopMap {[176]=Oop [192]=Oop [280]=Oop }
                      ;*invokestatic maybeCustomize {reexecute=0 rethrow=0 return_oop=0}
                      ; - java.lang.invoke.Invokers::checkCustomized@19 (line 627)
                      ; - java.lang.invoke.Invokers$Holder::invokeExact_MT@14
                      ; - jdk.internal.reflect.DirectMethodHandleAccessor::invokeImpl@41 (line 153)
                      ; - jdk.internal.reflect.DirectMethodHandleAccessor::invoke@23 (line 103)
                      ;   {static_call}
  0x000000010dbb5c5c: 69e3 ea97 

  0x000000010dbb5c60: ;   {other}
  0x000000010dbb5c60: 1f20 03d5 | 1fda 80f2 | 1fc0 80f2 | e263 40f9 | e18f 40f9 

  0x000000010dbb5c74: ; ImmutableOopMap {[176]=Oop }
                      ;*invokevirtual invokeBasic {reexecute=0 rethrow=0 return_oop=0}
                      ; - java.lang.invoke.Invokers$Holder::invokeExact_MT@19
                      ; - jdk.internal.reflect.DirectMethodHandleAccessor::invokeImpl@41 (line 153)
                      ; - jdk.internal.reflect.DirectMethodHandleAccessor::invoke@23 (line 103)
                      ;   {optimized virtual_call}
  0x000000010dbb5c74: a35f e697 

  0x000000010dbb5c78: ;   {other}
  0x000000010dbb5c78: 1f20 03d5 | 1fdd 80f2 | 1fe0 80f2 | fd7b 57a9 | ff03 0691 

  0x000000010dbb5c8c: ;   {poll_return}
  0x000000010dbb5c8c: 8827 42f9 | ff63 28eb | c829 0054 | c003 5fd6 | e263 40f9 | e387 50a9 

  0x000000010dbb5ca4: ; ImmutableOopMap {[176]=Oop }
                      ;*invokevirtual invokeBasic {reexecute=0 rethrow=0 return_oop=0}
                      ; - java.lang.invoke.Invokers$Holder::invokeExact_MT@20
                      ; - jdk.internal.reflect.DirectMethodHandleAccessor::invokeImpl@55 (line 154)
                      ; - jdk.internal.reflect.DirectMethodHandleAccessor::invoke@23 (line 103)
                      ;   {optimized virtual_call}
  0x000000010dbb5ca4: b7c0 e797 

  0x000000010dbb5ca8: ;   {other}
  0x000000010dbb5ca8: 1f20 03d5 | 1fe3 80f2 | 1f00 81f2 | fd7b 57a9 | ff03 0691 

  0x000000010dbb5cbc: ;   {poll_return}
  0x000000010dbb5cbc: 8827 42f9 | ff63 28eb | a828 0054 | c003 5fd6 | e263 40f9 | e313 4fa9 | e183 40f9 

  0x000000010dbb5cd8: ; ImmutableOopMap {[176]=Oop }
                      ;*invokevirtual invokeBasic {reexecute=0 rethrow=0 return_oop=0}
                      ; - java.lang.invoke.LambdaForm$MH/0x0000007001002800::invokeExact_MT@22
                      ; - jdk.internal.reflect.DirectMethodHandleAccessor::invokeImpl@72 (line 155)
                      ; - jdk.internal.reflect.DirectMethodHandleAccessor::invoke@23 (line 103)
                      ;   {optimized virtual_call}
  0x000000010dbb5cd8: aadd e797 

  0x000000010dbb5cdc: ;   {other}
  0x000000010dbb5cdc: 1f20 03d5 | 9fe9 80f2 | 1f20 81f2 | fd7b 57a9 | ff03 0691 

  0x000000010dbb5cf0: ;   {poll_return}
  0x000000010dbb5cf0: 8827 42f9 | ff63 28eb | 6827 0054 | c003 5fd6 | e263 40f9 | e313 4da9 | e507 4ea9 

  0x000000010dbb5d0c: ; ImmutableOopMap {[176]=Oop }
                      ;*invokevirtual invokeBasic {reexecute=0 rethrow=0 return_oop=0}
                      ; - java.lang.invoke.LambdaForm$MH/0x0000007001008000::invokeExact_MT@24
                      ; - jdk.internal.reflect.DirectMethodHandleAccessor::invokeImpl@92 (line 156)
                      ; - jdk.internal.reflect.DirectMethodHandleAccessor::invoke@23 (line 103)
                      ;   {optimized virtual_call}
  0x000000010dbb5d0c: 7dc9 e797 

  0x000000010dbb5d10: ;   {other}
  0x000000010dbb5d10: 1f20 03d5 | 1ff0 80f2 | 1f40 81f2 | fd7b 57a9 | ff03 0691 

  0x000000010dbb5d24: ;   {poll_return}
  0x000000010dbb5d24: 8827 42f9 | ff63 28eb | 2826 0054 | c003 5fd6 | e38b 4ba9 | e167 40f9 

  0x000000010dbb5d3c: ; ImmutableOopMap {[176]=Oop }
                      ;*invokevirtual invokeBasic {reexecute=0 rethrow=0 return_oop=0}
                      ; - java.lang.invoke.Invokers$Holder::invokeExact_MT@20
                      ; - jdk.internal.reflect.DirectMethodHandleAccessor::invokeImpl@104 (line 157)
                      ; - jdk.internal.reflect.DirectMethodHandleAccessor::invoke@23 (line 103)
                      ;   {optimized virtual_call}
  0x000000010dbb5d3c: 91c0 e797 

  0x000000010dbb5d40: ;   {other}
  0x000000010dbb5d40: 1f20 03d5 | 1ff6 80f2 | 1f60 81f2 | fd7b 57a9 | ff03 0691 

  0x000000010dbb5d54: ;   {poll_return}
  0x000000010dbb5d54: 8827 42f9 | ff63 28eb | 0825 0054 | c003 5fd6 

  0x000000010dbb5d64: ;   {oop(a 'java/lang/invoke/MethodType'{0x00000007805b9bb8} = (Ljava/lang/Object;)Ljava/lang/Object;)}
  0x000000010dbb5d64: 0377 93d2 | 630b b0f2 | e300 c0f2 | e103 02aa | e203 03aa 

  0x000000010dbb5d78: ; ImmutableOopMap {[176]=Oop [192]=Oop [280]=Oop }
                      ;*invokestatic newWrongMethodTypeException {reexecute=0 rethrow=0 return_oop=0}
                      ; - java.lang.invoke.Invokers::checkExactType@12 (line 531)
                      ; - java.lang.invoke.Invokers$Holder::invokeExact_MT@10
                      ; - jdk.internal.reflect.DirectMethodHandleAccessor::invokeImpl@41 (line 153)
                      ; - jdk.internal.reflect.DirectMethodHandleAccessor::invoke@23 (line 103)
                      ;   {static_call}
  0x000000010dbb5d78: 829a e297 

  0x000000010dbb5d7c: ;   {other}
  0x000000010dbb5d7c: 1f20 03d5 | 9ffd 80f2 | 1f80 81f2 

  0x000000010dbb5d88: ; implicit exception: dispatches to 0x000000010dbb6208
                      ; ImmutableOopMap {c_rarg0=Oop [176]=Oop [192]=Oop [280]=Oop }
                      ;*athrow {reexecute=1 rethrow=0 return_oop=0}
                      ; - (reexecute) java.lang.invoke.Invokers::checkExactType@15 (line 531)
                      ; - java.lang.invoke.Invokers$Holder::invokeExact_MT@10
                      ; - jdk.internal.reflect.DirectMethodHandleAccessor::invokeImpl@41 (line 153)
                      ; - jdk.internal.reflect.DirectMethodHandleAccessor::invoke@23 (line 103)
  0x000000010dbb5d88: 1f00 40f9 

  0x000000010dbb5d8c: ;   {section_word}
  0x000000010dbb5d8c: 0300 0010 

  0x000000010dbb5d90: ;   {runtime_call handle_exception_nofpu Runtime1 stub}
  0x000000010dbb5d90: bcba e597 | 1f20 03d5 

  0x000000010dbb5d98: ;   {oop(a 'java/lang/invoke/MethodType'{0x00000007805b9ce8} = (Ljava/lang/Object;Ljava/lang/Object;)Ljava/lang/Object;)}
  0x000000010dbb5d98: 049d 93d2 | 640b b0f2 | e400 c0f2 | e103 03aa | e203 04aa 

  0x000000010dbb5dac: ; ImmutableOopMap {[176]=Oop [192]=Oop [264]=Oop [272]=Oop }
                      ;*invokestatic newWrongMethodTypeException {reexecute=0 rethrow=0 return_oop=0}
                      ; - java.lang.invoke.Invokers::checkExactType@12 (line 531)
                      ; - java.lang.invoke.Invokers$Holder::invokeExact_MT@10
                      ; - jdk.internal.reflect.DirectMethodHandleAccessor::invokeImpl@55 (line 154)
                      ; - jdk.internal.reflect.DirectMethodHandleAccessor::invoke@23 (line 103)
                      ;   {static_call}
  0x000000010dbb5dac: 759a e297 

  0x000000010dbb5db0: ;   {other}
  0x000000010dbb5db0: 1f20 03d5 | 1f04 81f2 | 1fc0 81f2 

  0x000000010dbb5dbc: ; implicit exception: dispatches to 0x000000010dbb620c
                      ; ImmutableOopMap {c_rarg0=Oop [176]=Oop [192]=Oop [264]=Oop [272]=Oop }
                      ;*athrow {reexecute=1 rethrow=0 return_oop=0}
                      ; - (reexecute) java.lang.invoke.Invokers::checkExactType@15 (line 531)
                      ; - java.lang.invoke.Invokers$Holder::invokeExact_MT@10
                      ; - jdk.internal.reflect.DirectMethodHandleAccessor::invokeImpl@55 (line 154)
                      ; - jdk.internal.reflect.DirectMethodHandleAccessor::invoke@23 (line 103)
  0x000000010dbb5dbc: 1f00 40f9 

  0x000000010dbb5dc0: ;   {section_word}
  0x000000010dbb5dc0: 0300 0010 

  0x000000010dbb5dc4: ;   {runtime_call handle_exception_nofpu Runtime1 stub}
  0x000000010dbb5dc4: afba e597 | 1f20 03d5 

  0x000000010dbb5dcc: ;   {oop(a 'java/lang/invoke/MethodType'{0x00000007805b9ee8} = (Ljava/lang/Object;Ljava/lang/Object;Ljava/lang/Object;)Ljava/lang/Object;)}
  0x000000010dbb5dcc: 05dd 93d2 | 650b b0f2 | e500 c0f2 | e103 04aa | e203 05aa 

  0x000000010dbb5de0: ; ImmutableOopMap {[176]=Oop [192]=Oop [240]=Oop [248]=Oop [256]=Oop }
                      ;*invokestatic newWrongMethodTypeException {reexecute=0 rethrow=0 return_oop=0}
                      ; - java.lang.invoke.Invokers::checkExactType@12 (line 531)
                      ; - java.lang.invoke.LambdaForm$MH/0x0000007001002800::invokeExact_MT@11
                      ; - jdk.internal.reflect.DirectMethodHandleAccessor::invokeImpl@72 (line 155)
                      ; - jdk.internal.reflect.DirectMethodHandleAccessor::invoke@23 (line 103)
                      ;   {static_call}
  0x000000010dbb5de0: 689a e297 

  0x000000010dbb5de4: ;   {other}
  0x000000010dbb5de4: 1f20 03d5 | 9f0a 81f2 | 1f00 82f2 

  0x000000010dbb5df0: ; implicit exception: dispatches to 0x000000010dbb6210
                      ; ImmutableOopMap {c_rarg0=Oop [176]=Oop [192]=Oop [240]=Oop [248]=Oop [256]=Oop }
                      ;*athrow {reexecute=1 rethrow=0 return_oop=0}
                      ; - (reexecute) java.lang.invoke.Invokers::checkExactType@15 (line 531)
                      ; - java.lang.invoke.LambdaForm$MH/0x0000007001002800::invokeExact_MT@11
                      ; - jdk.internal.reflect.DirectMethodHandleAccessor::invokeImpl@72 (line 155)
                      ; - jdk.internal.reflect.DirectMethodHandleAccessor::invoke@23 (line 103)
  0x000000010dbb5df0: 1f00 40f9 

  0x000000010dbb5df4: ;   {section_word}
  0x000000010dbb5df4: 0300 0010 

  0x000000010dbb5df8: ;   {runtime_call handle_exception_nofpu Runtime1 stub}
  0x000000010dbb5df8: a2ba e597 | 1f20 03d5 

  0x000000010dbb5e00: ;   {oop(a 'java/lang/invoke/MethodType'{0x00000007805ba0f0} = (Ljava/lang/Object;Ljava/lang/Object;Ljava/lang/Object;Ljava/lang/Object;)Ljava/lang/Object;)}
  0x000000010dbb5e00: 061e 94d2 | 660b b0f2 | e600 c0f2 | e103 05aa | e203 06aa 

  0x000000010dbb5e14: ; ImmutableOopMap {[176]=Oop [192]=Oop [208]=Oop [216]=Oop [224]=Oop [232]=Oop }
                      ;*invokestatic newWrongMethodTypeException {reexecute=0 rethrow=0 return_oop=0}
                      ; - java.lang.invoke.Invokers::checkExactType@12 (line 531)
                      ; - java.lang.invoke.LambdaForm$MH/0x0000007001008000::invokeExact_MT@11
                      ; - jdk.internal.reflect.DirectMethodHandleAccessor::invokeImpl@92 (line 156)
                      ; - jdk.internal.reflect.DirectMethodHandleAccessor::invoke@23 (line 103)
                      ;   {static_call}
  0x000000010dbb5e14: 5b9a e297 

  0x000000010dbb5e18: ;   {other}
  0x000000010dbb5e18: 1f20 03d5 | 1f11 81f2 | 1f40 82f2 

  0x000000010dbb5e24: ; implicit exception: dispatches to 0x000000010dbb6214
                      ; ImmutableOopMap {c_rarg0=Oop [176]=Oop [192]=Oop [208]=Oop [216]=Oop [224]=Oop [232]=Oop }
                      ;*athrow {reexecute=1 rethrow=0 return_oop=0}
                      ; - (reexecute) java.lang.invoke.Invokers::checkExactType@15 (line 531)
                      ; - java.lang.invoke.LambdaForm$MH/0x0000007001008000::invokeExact_MT@11
                      ; - jdk.internal.reflect.DirectMethodHandleAccessor::invokeImpl@92 (line 156)
                      ; - jdk.internal.reflect.DirectMethodHandleAccessor::invoke@23 (line 103)
  0x000000010dbb5e24: 1f00 40f9 

  0x000000010dbb5e28: ;   {section_word}
  0x000000010dbb5e28: 0300 0010 

  0x000000010dbb5e2c: ;   {runtime_call handle_exception_nofpu Runtime1 stub}
  0x000000010dbb5e2c: 95ba e597 | 1f20 03d5 

  0x000000010dbb5e34: ;   {oop(a 'java/lang/invoke/MethodType'{0x0000000781028718} = (Ljava/lang/Object;[Ljava/lang/Object;)Ljava/lang/Object;)}
  0x000000010dbb5e34: 04e3 90d2 | 4420 b0f2 | e400 c0f2 | e103 02aa | e203 04aa 

  0x000000010dbb5e48: ; ImmutableOopMap {[176]=Oop [184]=Oop [192]=Oop [200]=Oop }
                      ;*invokestatic newWrongMethodTypeException {reexecute=0 rethrow=0 return_oop=0}
                      ; - java.lang.invoke.Invokers::checkExactType@12 (line 531)
                      ; - java.lang.invoke.Invokers$Holder::invokeExact_MT@10
                      ; - jdk.internal.reflect.DirectMethodHandleAccessor::invokeImpl@104 (line 157)
                      ; - jdk.internal.reflect.DirectMethodHandleAccessor::invoke@23 (line 103)
                      ;   {static_call}
  0x000000010dbb5e48: 4e9a e297 

  0x000000010dbb5e4c: ;   {other}
  0x000000010dbb5e4c: 1f20 03d5 | 9f17 81f2 | 1f80 82f2 

  0x000000010dbb5e58: ; implicit exception: dispatches to 0x000000010dbb6218
                      ; ImmutableOopMap {c_rarg0=Oop [176]=Oop [184]=Oop [192]=Oop [200]=Oop }
                      ;*athrow {reexecute=1 rethrow=0 return_oop=0}
                      ; - (reexecute) java.lang.invoke.Invokers::checkExactType@15 (line 531)
                      ; - java.lang.invoke.Invokers$Holder::invokeExact_MT@10
                      ; - jdk.internal.reflect.DirectMethodHandleAccessor::invokeImpl@104 (line 157)
                      ; - jdk.internal.reflect.DirectMethodHandleAccessor::invoke@23 (line 103)
  0x000000010dbb5e58: 1f00 40f9 

  0x000000010dbb5e5c: ;   {section_word}
  0x000000010dbb5e5c: 0300 0010 

  0x000000010dbb5e60: ;   {runtime_call handle_exception_nofpu Runtime1 stub}
  0x000000010dbb5e60: 88ba e597 | 1f20 03d5 | 807f 42f9 | 9f7f 02f9 | 9f83 02f9 

  0x000000010dbb5e74: ;   {oop(a 'java/lang/Class'{0x00000007ffeb6f38} = 'jdk/internal/reflect/DirectMethodHandleAccessor')}
  0x000000010dbb5e74: 01e7 8dd2 | 61fd bff2 | e100 c0f2 | e203 00aa | e093 00f9 

  0x000000010dbb5e88: ; ImmutableOopMap {[288]=Oop }
                      ;*invokestatic isIllegalArgument {reexecute=0 rethrow=0 return_oop=0}
                      ; - jdk.internal.reflect.DirectMethodHandleAccessor::isIllegalArgument@3 (line 191)
                      ; - jdk.internal.reflect.DirectMethodHandleAccessor::invoke@58 (line 112)
                      ;   {static_call}
  0x000000010dbb5e88: 3e9a e297 

  0x000000010dbb5e8c: ;   {other}
  0x000000010dbb5e8c: 1f20 03d5 | 9f1f 81f2 | 1fc0 82f2 | 0000 0012 | 1f00 0071 | 200c 0054 | 4600 0014 | 807f 42f9 
  0x000000010dbb5eac: 9f7f 02f9 | 9f83 02f9 

  0x000000010dbb5eb4: ;   {oop(a 'java/lang/Class'{0x00000007ffeb6f38} = 'jdk/internal/reflect/DirectMethodHandleAccessor')}
  0x000000010dbb5eb4: 01e7 8dd2 | 61fd bff2 | e100 c0f2 | e203 00aa | e097 00f9 

  0x000000010dbb5ec8: ; ImmutableOopMap {[296]=Oop }
                      ;*invokestatic isIllegalArgument {reexecute=0 rethrow=0 return_oop=0}
                      ; - jdk.internal.reflect.DirectMethodHandleAccessor::isIllegalArgument@3 (line 191)
                      ; - jdk.internal.reflect.DirectMethodHandleAccessor::invoke@30 (line 105)
                      ;   {static_call}
  0x000000010dbb5ec8: 2e9a e297 

  0x000000010dbb5ecc: ;   {other}
  0x000000010dbb5ecc: 1f20 03d5 | 9f27 81f2 | 1fe0 82f2 | 0300 0012 | 7f00 0071 | a003 0054 

  0x000000010dbb5ee4: ;   {metadata('java/lang/IllegalArgumentException')}
  0x000000010dbb5ee4: 03ba 98d2 | c300 a0f2 | 030e c0f2 | 80df 40f9 | 0ba0 0091 | 88e7 40f9 | 7f01 08eb | e818 0054 
  0x000000010dbb5f04: 8bdf 00f9 | ea03 40b2 | 0a00 00f9 | 6a08 5cd2 | 0a7c 0129 | 0a40 0091 | 5f01 00f9 | 5ffd 00a9 
  0x000000010dbb5f24: bf3a 03d5 

  0x000000010dbb5f28: ;   {oop("argument type mismatch"{0x00000007ffe083a8})}
  0x000000010dbb5f28: 0275 90d2 | 02fc bff2 | e200 c0f2 | e103 00aa | e09b 00f9 

  0x000000010dbb5f3c: ; ImmutableOopMap {[304]=Oop }
                      ;*invokespecial <init> {reexecute=0 rethrow=0 return_oop=0}
                      ; - jdk.internal.reflect.DirectMethodHandleAccessor::invoke@42 (line 107)
                      ;   {optimized virtual_call}
  0x000000010dbb5f3c: 9198 e297 

  0x000000010dbb5f40: ;   {other}
  0x000000010dbb5f40: 1f20 03d5 | 1f36 81f2 | 1f00 83f2 | e09b 40f9 | c200 0014 | e297 40f9 

  0x000000010dbb5f58: ;   {metadata('java/lang/reflect/InvocationTargetException')}
  0x000000010dbb5f58: 03ea 86d2 | 8320 a0f2 | 030e c0f2 | 80df 40f9 | 0ba0 0091 | 88e7 40f9 | 7f01 08eb | 8815 0054 
  0x000000010dbb5f78: 8bdf 00f9 | ea03 40b2 | 0a00 00f9 | 6a08 5cd2 | 0a7c 0129 | 0a40 0091 | 5f01 00f9 | 5ffd 00a9 
  0x000000010dbb5f98: bf3a 03d5 | e103 00aa | e09f 00f9 

  0x000000010dbb5fa4: ; ImmutableOopMap {[312]=Oop }
                      ;*invokespecial <init> {reexecute=0 rethrow=0 return_oop=0}
                      ; - jdk.internal.reflect.DirectMethodHandleAccessor::invoke@51 (line 109)
                      ;   {optimized virtual_call}
  0x000000010dbb5fa4: 7798 e297 

  0x000000010dbb5fa8: ;   {other}
  0x000000010dbb5fa8: 1f20 03d5 | 1f43 81f2 | 1f20 83f2 | e09f 40f9 | a800 0014 

  0x000000010dbb5fbc: ;   {metadata('java/lang/IllegalArgumentException')}
  0x000000010dbb5fbc: 03ba 98d2 | c300 a0f2 | 030e c0f2 | 80df 40f9 | 0ba0 0091 | 88e7 40f9 | 7f01 08eb | a812 0054 
  0x000000010dbb5fdc: 8bdf 00f9 | ea03 40b2 | 0a00 00f9 | 6a08 5cd2 | 0a7c 0129 | 0a40 0091 | 5f01 00f9 | 5ffd 00a9 
  0x000000010dbb5ffc: bf3a 03d5 | e293 40f9 | e103 00aa | e0a3 00f9 

  0x000000010dbb600c: ; ImmutableOopMap {[320]=Oop }
                      ;*invokespecial <init> {reexecute=0 rethrow=0 return_oop=0}
                      ; - jdk.internal.reflect.DirectMethodHandleAccessor::invoke@69 (line 113)
                      ;   {optimized virtual_call}
  0x000000010dbb600c: 5d98 e297 

  0x000000010dbb6010: ;   {other}
  0x000000010dbb6010: 1f20 03d5 | 1f50 81f2 | 1f40 83f2 | e0a3 40f9 | 8e00 0014 | e293 40f9 

  0x000000010dbb6028: ;   {metadata('java/lang/reflect/InvocationTargetException')}
  0x000000010dbb6028: 03ea 86d2 | 8320 a0f2 | 030e c0f2 | 80df 40f9 | 0ba0 0091 | 88e7 40f9 | 7f01 08eb | 880f 0054 
  0x000000010dbb6048: 8bdf 00f9 | ea03 40b2 | 0a00 00f9 | 6a08 5cd2 | 0a7c 0129 | 0a40 0091 | 5f01 00f9 | 5ffd 00a9 
  0x000000010dbb6068: bf3a 03d5 | e103 00aa | e0a7 00f9 

  0x000000010dbb6074: ; ImmutableOopMap {[328]=Oop }
                      ;*invokespecial <init> {reexecute=0 rethrow=0 return_oop=0}
                      ; - jdk.internal.reflect.DirectMethodHandleAccessor::invoke@78 (line 115)
                      ;   {optimized virtual_call}
  0x000000010dbb6074: 4398 e297 

  0x000000010dbb6078: ;   {other}
  0x000000010dbb6078: 1f20 03d5 | 1f5d 81f2 | 1f60 83f2 | e0a7 40f9 | 7400 0014 

  0x000000010dbb608c: ;   {metadata('java/lang/IllegalArgumentException')}
  0x000000010dbb608c: 03ba 98d2 | c300 a0f2 | 030e c0f2 | 80df 40f9 | 0ba0 0091 | 88e7 40f9 | 7f01 08eb | a80c 0054 
  0x000000010dbb60ac: 8bdf 00f9 | ea03 40b2 | 0a00 00f9 | 6a08 5cd2 | 0a7c 0129 | 0a40 0091 | 5f01 00f9 | 5ffd 00a9 
  0x000000010dbb60cc: bf3a 03d5 

  0x000000010dbb60d0: ;   {oop("object is not an instance of declaring class"{0x00000007ffe450a8})}
  0x000000010dbb60d0: 0215 8ad2 | 82fc bff2 | e200 c0f2 | e103 00aa | e0ab 00f9 

  0x000000010dbb60e4: ; ImmutableOopMap {[176]=Oop [184]=Oop [192]=Oop [336]=Oop }
                      ;*invokespecial <init> {reexecute=0 rethrow=0 return_oop=0}
                      ; - jdk.internal.reflect.DirectMethodHandleAccessor::checkReceiver@20 (line 197)
                      ; - jdk.internal.reflect.DirectMethodHandleAccessor::invoke@9 (line 99)
                      ;   {optimized virtual_call}
  0x000000010dbb60e4: 2798 e297 

  0x000000010dbb60e8: ;   {other}
  0x000000010dbb60e8: 1f20 03d5 | 1f6b 81f2 | 1f80 83f2 | e0ab 40f9 | 5800 0014 | 807f 42f9 | 9f7f 02f9 | 9f83 02f9 
  0x000000010dbb6108: e203 00aa 

  0x000000010dbb610c: ;   {metadata('java/lang/reflect/InvocationTargetException')}
  0x000000010dbb610c: 03ea 86d2 | 8320 a0f2 | 030e c0f2 | 80df 40f9 | 0ba0 0091 | 88e7 40f9 | 7f01 08eb | e808 0054 
  0x000000010dbb612c: 8bdf 00f9 | ea03 40b2 | 0a00 00f9 | 6a08 5cd2 | 0a7c 0129 | 0a40 0091 | 5f01 00f9 | 5ffd 00a9 
  0x000000010dbb614c: bf3a 03d5 | e103 00aa | e0af 00f9 

  0x000000010dbb6158: ; ImmutableOopMap {[344]=Oop }
                      ;*invokespecial <init> {reexecute=0 rethrow=0 return_oop=0}
                      ; - jdk.internal.reflect.DirectMethodHandleAccessor::invoke@88 (line 118)
                      ;   {optimized virtual_call}
  0x000000010dbb6158: 0a98 e297 

  0x000000010dbb615c: ;   {other}
  0x000000010dbb615c: 1f20 03d5 | 9f79 81f2 | 1fa0 83f2 | e0af 40f9 | 3b00 0014 

  0x000000010dbb6170: ; ImmutableOopMap {c_rarg1=Oop c_rarg2=Oop c_rarg0=Oop [176]=Oop [184]=Oop [192]=Oop }
                      ;*invokevirtual getClass {reexecute=0 rethrow=0 return_oop=0}
                      ; - jdk.internal.reflect.DirectMethodHandleAccessor::checkReceiver@5 (line 196)
                      ; - jdk.internal.reflect.DirectMethodHandleAccessor::invoke@9 (line 99)
                      ;   {runtime_call throw_null_pointer_exception Runtime1 stub}
  0x000000010dbb6170: c4b3 e597 

  0x000000010dbb6174: ; ImmutableOopMap {c_rarg1=Oop c_rarg2=Oop c_rarg0=Oop c_rarg4=Oop [176]=Oop [184]=Oop [192]=Oop }
                      ;*invokevirtual isAssignableFrom {reexecute=0 rethrow=0 return_oop=0}
                      ; - jdk.internal.reflect.DirectMethodHandleAccessor::checkReceiver@8 (line 196)
                      ; - jdk.internal.reflect.DirectMethodHandleAccessor::invoke@9 (line 99)
                      ;   {runtime_call throw_null_pointer_exception Runtime1 stub}
  0x000000010dbb6174: c3b3 e597 

  0x000000010dbb6178: ; ImmutableOopMap {c_rarg1=Oop c_rarg0=Oop [176]=Oop [184]=Oop [192]=Oop [200]=Oop }
                      ;*invokevirtual type {reexecute=0 rethrow=0 return_oop=0}
                      ; - java.lang.invoke.Invokers::checkExactType@1 (line 529)
                      ; - java.lang.invoke.Invokers$Holder::invokeExact_MT@10
                      ; - jdk.internal.reflect.DirectMethodHandleAccessor::invokeImpl@104 (line 157)
                      ; - jdk.internal.reflect.DirectMethodHandleAccessor::invoke@23 (line 103)
                      ;   {runtime_call throw_null_pointer_exception Runtime1 stub}
  0x000000010dbb6178: c2b3 e597 

  0x000000010dbb617c: ; ImmutableOopMap {c_rarg1=Oop c_rarg0=Oop [176]=Oop [184]=Oop [192]=Oop [200]=Oop }
                      ;*getfield customized {reexecute=1 rethrow=0 return_oop=0}
                      ; - (reexecute) java.lang.invoke.Invokers::checkCustomized@12 (line 626)
                      ; - java.lang.invoke.Invokers$Holder::invokeExact_MT@14
                      ; - jdk.internal.reflect.DirectMethodHandleAccessor::invokeImpl@104 (line 157)
                      ; - jdk.internal.reflect.DirectMethodHandleAccessor::invoke@23 (line 103)
                      ;   {runtime_call throw_null_pointer_exception Runtime1 stub}
  0x000000010dbb617c: c1b3 e597 

  0x000000010dbb6180: ; ImmutableOopMap {c_rarg1=Oop c_rarg3=Oop c_rarg0=Oop [176]=Oop [184]=Oop [192]=Oop [232]=Oop }
                      ;*aaload {reexecute=0 rethrow=0 return_oop=0}
                      ; - jdk.internal.reflect.DirectMethodHandleAccessor::invokeImpl@85 (line 156)
                      ; - jdk.internal.reflect.DirectMethodHandleAccessor::invoke@23 (line 103)
                      ;   {runtime_call predicate_failed_trap Runtime1 stub}
  0x000000010dbb6180: 40c7 e597 

  0x000000010dbb6184: ; ImmutableOopMap {c_rarg1=Oop c_rarg3=Oop c_rarg0=Oop [176]=Oop [184]=Oop [192]=Oop [232]=Oop }
                      ;*aaload {reexecute=0 rethrow=0 return_oop=0}
                      ; - jdk.internal.reflect.DirectMethodHandleAccessor::invokeImpl@85 (line 156)
                      ; - jdk.internal.reflect.DirectMethodHandleAccessor::invoke@23 (line 103)
                      ;   {runtime_call predicate_failed_trap Runtime1 stub}
  0x000000010dbb6184: 3fc7 e597 

  0x000000010dbb6188: ; ImmutableOopMap {c_rarg1=Oop c_rarg0=Oop c_rarg2=Oop c_rarg4=Oop c_rarg3=Oop [176]=Oop [192]=Oop [208]=Oop [216]=Oop [224]=Oop [232]=Oop }
                      ;*invokevirtual type {reexecute=0 rethrow=0 return_oop=0}
                      ; - java.lang.invoke.Invokers::checkExactType@1 (line 529)
                      ; - java.lang.invoke.LambdaForm$MH/0x0000007001008000::invokeExact_MT@11
                      ; - jdk.internal.reflect.DirectMethodHandleAccessor::invokeImpl@92 (line 156)
                      ; - jdk.internal.reflect.DirectMethodHandleAccessor::invoke@23 (line 103)
                      ;   {runtime_call throw_null_pointer_exception Runtime1 stub}
  0x000000010dbb6188: beb3 e597 

  0x000000010dbb618c: ; ImmutableOopMap {c_rarg1=Oop c_rarg0=Oop c_rarg2=Oop c_rarg4=Oop c_rarg3=Oop [176]=Oop [192]=Oop [208]=Oop [216]=Oop [224]=Oop [232]=Oop }
                      ;*getfield customized {reexecute=1 rethrow=0 return_oop=0}
                      ; - (reexecute) java.lang.invoke.Invokers::checkCustomized@12 (line 626)
                      ; - java.lang.invoke.LambdaForm$MH/0x0000007001008000::invokeExact_MT@15
                      ; - jdk.internal.reflect.DirectMethodHandleAccessor::invokeImpl@92 (line 156)
                      ; - jdk.internal.reflect.DirectMethodHandleAccessor::invoke@23 (line 103)
                      ;   {runtime_call throw_null_pointer_exception Runtime1 stub}
  0x000000010dbb618c: bdb3 e597 

  0x000000010dbb6190: ; ImmutableOopMap {c_rarg1=Oop c_rarg3=Oop c_rarg0=Oop [176]=Oop [184]=Oop [192]=Oop [256]=Oop }
                      ;*aaload {reexecute=0 rethrow=0 return_oop=0}
                      ; - jdk.internal.reflect.DirectMethodHandleAccessor::invokeImpl@68 (line 155)
                      ; - jdk.internal.reflect.DirectMethodHandleAccessor::invoke@23 (line 103)
                      ;   {runtime_call predicate_failed_trap Runtime1 stub}
  0x000000010dbb6190: 3cc7 e597 

  0x000000010dbb6194: ; ImmutableOopMap {c_rarg1=Oop c_rarg3=Oop c_rarg0=Oop [176]=Oop [184]=Oop [192]=Oop [256]=Oop }
                      ;*aaload {reexecute=0 rethrow=0 return_oop=0}
                      ; - jdk.internal.reflect.DirectMethodHandleAccessor::invokeImpl@68 (line 155)
                      ; - jdk.internal.reflect.DirectMethodHandleAccessor::invoke@23 (line 103)
                      ;   {runtime_call predicate_failed_trap Runtime1 stub}
  0x000000010dbb6194: 3bc7 e597 

  0x000000010dbb6198: ; ImmutableOopMap {c_rarg1=Oop c_rarg0=Oop c_rarg2=Oop c_rarg3=Oop [176]=Oop [192]=Oop [240]=Oop [248]=Oop [256]=Oop }
                      ;*invokevirtual type {reexecute=0 rethrow=0 return_oop=0}
                      ; - java.lang.invoke.Invokers::checkExactType@1 (line 529)
                      ; - java.lang.invoke.LambdaForm$MH/0x0000007001002800::invokeExact_MT@11
                      ; - jdk.internal.reflect.DirectMethodHandleAccessor::invokeImpl@72 (line 155)
                      ; - jdk.internal.reflect.DirectMethodHandleAccessor::invoke@23 (line 103)
                      ;   {runtime_call throw_null_pointer_exception Runtime1 stub}
  0x000000010dbb6198: bab3 e597 

  0x000000010dbb619c: ; ImmutableOopMap {c_rarg1=Oop c_rarg0=Oop c_rarg2=Oop c_rarg3=Oop [176]=Oop [192]=Oop [240]=Oop [248]=Oop [256]=Oop }
                      ;*getfield customized {reexecute=1 rethrow=0 return_oop=0}
                      ; - (reexecute) java.lang.invoke.Invokers::checkCustomized@12 (line 626)
                      ; - java.lang.invoke.LambdaForm$MH/0x0000007001002800::invokeExact_MT@15
                      ; - jdk.internal.reflect.DirectMethodHandleAccessor::invokeImpl@72 (line 155)
                      ; - jdk.internal.reflect.DirectMethodHandleAccessor::invoke@23 (line 103)
                      ;   {runtime_call throw_null_pointer_exception Runtime1 stub}
  0x000000010dbb619c: b9b3 e597 

  0x000000010dbb61a0: ; ImmutableOopMap {c_rarg1=Oop c_rarg3=Oop c_rarg0=Oop [176]=Oop [184]=Oop [192]=Oop [272]=Oop }
                      ;*aaload {reexecute=0 rethrow=0 return_oop=0}
                      ; - jdk.internal.reflect.DirectMethodHandleAccessor::invokeImpl@54 (line 154)
                      ; - jdk.internal.reflect.DirectMethodHandleAccessor::invoke@23 (line 103)
                      ;   {runtime_call throw_null_pointer_exception Runtime1 stub}
  0x000000010dbb61a0: b8b3 e597 | 0800 80d2 | e903 03aa 

  0x000000010dbb61ac: ;   {runtime_call throw_range_check_failed Runtime1 stub}
  0x000000010dbb61ac: 1ef0 84d2 | 5eaa a1f2 | 3e00 c0f2 

  0x000000010dbb61b8: ; ImmutableOopMap {c_rarg1=Oop c_rarg3=Oop c_rarg0=Oop [176]=Oop [184]=Oop [192]=Oop [272]=Oop }
                      ;*aaload {reexecute=0 rethrow=0 return_oop=0}
                      ; - jdk.internal.reflect.DirectMethodHandleAccessor::invokeImpl@54 (line 154)
                      ; - jdk.internal.reflect.DirectMethodHandleAccessor::invoke@23 (line 103)
  0x000000010dbb61b8: c003 3fd6 

  0x000000010dbb61bc: ; ImmutableOopMap {c_rarg1=Oop c_rarg0=Oop c_rarg2=Oop [176]=Oop [192]=Oop [264]=Oop [272]=Oop }
                      ;*invokevirtual type {reexecute=0 rethrow=0 return_oop=0}
                      ; - java.lang.invoke.Invokers::checkExactType@1 (line 529)
                      ; - java.lang.invoke.Invokers$Holder::invokeExact_MT@10
                      ; - jdk.internal.reflect.DirectMethodHandleAccessor::invokeImpl@55 (line 154)
                      ; - jdk.internal.reflect.DirectMethodHandleAccessor::invoke@23 (line 103)
                      ;   {runtime_call throw_null_pointer_exception Runtime1 stub}
  0x000000010dbb61bc: b1b3 e597 

  0x000000010dbb61c0: ; ImmutableOopMap {c_rarg1=Oop c_rarg0=Oop c_rarg2=Oop [176]=Oop [192]=Oop [264]=Oop [272]=Oop }
                      ;*getfield customized {reexecute=1 rethrow=0 return_oop=0}
                      ; - (reexecute) java.lang.invoke.Invokers::checkCustomized@12 (line 626)
                      ; - java.lang.invoke.Invokers$Holder::invokeExact_MT@14
                      ; - jdk.internal.reflect.DirectMethodHandleAccessor::invokeImpl@55 (line 154)
                      ; - jdk.internal.reflect.DirectMethodHandleAccessor::invoke@23 (line 103)
                      ;   {runtime_call throw_null_pointer_exception Runtime1 stub}
  0x000000010dbb61c0: b0b3 e597 

  0x000000010dbb61c4: ; ImmutableOopMap {c_rarg1=Oop c_rarg0=Oop [176]=Oop [192]=Oop [280]=Oop }
                      ;*invokevirtual type {reexecute=0 rethrow=0 return_oop=0}
                      ; - java.lang.invoke.Invokers::checkExactType@1 (line 529)
                      ; - java.lang.invoke.Invokers$Holder::invokeExact_MT@10
                      ; - jdk.internal.reflect.DirectMethodHandleAccessor::invokeImpl@41 (line 153)
                      ; - jdk.internal.reflect.DirectMethodHandleAccessor::invoke@23 (line 103)
                      ;   {runtime_call throw_null_pointer_exception Runtime1 stub}
  0x000000010dbb61c4: afb3 e597 

  0x000000010dbb61c8: ; ImmutableOopMap {c_rarg1=Oop c_rarg0=Oop [176]=Oop [192]=Oop [280]=Oop }
                      ;*getfield customized {reexecute=1 rethrow=0 return_oop=0}
                      ; - (reexecute) java.lang.invoke.Invokers::checkCustomized@12 (line 626)
                      ; - java.lang.invoke.Invokers$Holder::invokeExact_MT@14
                      ; - jdk.internal.reflect.DirectMethodHandleAccessor::invokeImpl@41 (line 153)
                      ; - jdk.internal.reflect.DirectMethodHandleAccessor::invoke@23 (line 103)
                      ;   {runtime_call throw_null_pointer_exception Runtime1 stub}
  0x000000010dbb61c8: aeb3 e597 

  0x000000010dbb61cc: ;   {internal_word}
  0x000000010dbb61cc: 08d6 ff10 | 8833 02f9 

  0x000000010dbb61d4: ;   {runtime_call SafepointBlob}
  0x000000010dbb61d4: cbb1 e217 

  0x000000010dbb61d8: ;   {internal_word}
  0x000000010dbb61d8: 28d7 ff10 | 8833 02f9 

  0x000000010dbb61e0: ;   {runtime_call SafepointBlob}
  0x000000010dbb61e0: c8b1 e217 

  0x000000010dbb61e4: ;   {internal_word}
  0x000000010dbb61e4: 68d8 ff10 | 8833 02f9 

  0x000000010dbb61ec: ;   {runtime_call SafepointBlob}
  0x000000010dbb61ec: c5b1 e217 

  0x000000010dbb61f0: ;   {internal_word}
  0x000000010dbb61f0: a8d9 ff10 | 8833 02f9 

  0x000000010dbb61f8: ;   {runtime_call SafepointBlob}
  0x000000010dbb61f8: c2b1 e217 

  0x000000010dbb61fc: ;   {internal_word}
  0x000000010dbb61fc: c8da ff10 | 8833 02f9 

  0x000000010dbb6204: ;   {runtime_call SafepointBlob}
  0x000000010dbb6204: bfb1 e217 

  0x000000010dbb6208: ; ImmutableOopMap {c_rarg0=Oop [176]=Oop [192]=Oop [280]=Oop }
                      ;*athrow {reexecute=1 rethrow=0 return_oop=0}
                      ; - (reexecute) java.lang.invoke.Invokers::checkExactType@15 (line 531)
                      ; - java.lang.invoke.Invokers$Holder::invokeExact_MT@10
                      ; - jdk.internal.reflect.DirectMethodHandleAccessor::invokeImpl@41 (line 153)
                      ; - jdk.internal.reflect.DirectMethodHandleAccessor::invoke@23 (line 103)
                      ;   {runtime_call throw_null_pointer_exception Runtime1 stub}
  0x000000010dbb6208: 9eb3 e597 

  0x000000010dbb620c: ; ImmutableOopMap {c_rarg0=Oop [176]=Oop [192]=Oop [264]=Oop [272]=Oop }
                      ;*athrow {reexecute=1 rethrow=0 return_oop=0}
                      ; - (reexecute) java.lang.invoke.Invokers::checkExactType@15 (line 531)
                      ; - java.lang.invoke.Invokers$Holder::invokeExact_MT@10
                      ; - jdk.internal.reflect.DirectMethodHandleAccessor::invokeImpl@55 (line 154)
                      ; - jdk.internal.reflect.DirectMethodHandleAccessor::invoke@23 (line 103)
                      ;   {runtime_call throw_null_pointer_exception Runtime1 stub}
  0x000000010dbb620c: 9db3 e597 

  0x000000010dbb6210: ; ImmutableOopMap {c_rarg0=Oop [176]=Oop [192]=Oop [240]=Oop [248]=Oop [256]=Oop }
                      ;*athrow {reexecute=1 rethrow=0 return_oop=0}
                      ; - (reexecute) java.lang.invoke.Invokers::checkExactType@15 (line 531)
                      ; - java.lang.invoke.LambdaForm$MH/0x0000007001002800::invokeExact_MT@11
                      ; - jdk.internal.reflect.DirectMethodHandleAccessor::invokeImpl@72 (line 155)
                      ; - jdk.internal.reflect.DirectMethodHandleAccessor::invoke@23 (line 103)
                      ;   {runtime_call throw_null_pointer_exception Runtime1 stub}
  0x000000010dbb6210: 9cb3 e597 

  0x000000010dbb6214: ; ImmutableOopMap {c_rarg0=Oop [176]=Oop [192]=Oop [208]=Oop [216]=Oop [224]=Oop [232]=Oop }
                      ;*athrow {reexecute=1 rethrow=0 return_oop=0}
                      ; - (reexecute) java.lang.invoke.Invokers::checkExactType@15 (line 531)
                      ; - java.lang.invoke.LambdaForm$MH/0x0000007001008000::invokeExact_MT@11
                      ; - jdk.internal.reflect.DirectMethodHandleAccessor::invokeImpl@92 (line 156)
                      ; - jdk.internal.reflect.DirectMethodHandleAccessor::invoke@23 (line 103)
                      ;   {runtime_call throw_null_pointer_exception Runtime1 stub}
  0x000000010dbb6214: 9bb3 e597 

  0x000000010dbb6218: ; ImmutableOopMap {c_rarg0=Oop [176]=Oop [184]=Oop [192]=Oop [200]=Oop }
                      ;*athrow {reexecute=1 rethrow=0 return_oop=0}
                      ; - (reexecute) java.lang.invoke.Invokers::checkExactType@15 (line 531)
                      ; - java.lang.invoke.Invokers$Holder::invokeExact_MT@10
                      ; - jdk.internal.reflect.DirectMethodHandleAccessor::invokeImpl@104 (line 157)
                      ; - jdk.internal.reflect.DirectMethodHandleAccessor::invoke@23 (line 103)
                      ;   {runtime_call throw_null_pointer_exception Runtime1 stub}
  0x000000010dbb6218: 9ab3 e597 

  0x000000010dbb621c: ; ImmutableOopMap {}
                      ;*new {reexecute=0 rethrow=0 return_oop=0}
                      ; - jdk.internal.reflect.DirectMethodHandleAccessor::invoke@36 (line 107)
                      ;   {runtime_call fast_new_instance Runtime1 stub}
  0x000000010dbb621c: d9b5 e597 | 42ff ff17 

  0x000000010dbb6224: ; ImmutableOopMap {c_rarg2=Oop }
                      ;*new {reexecute=0 rethrow=0 return_oop=0}
                      ; - jdk.internal.reflect.DirectMethodHandleAccessor::invoke@46 (line 109)
                      ;   {runtime_call fast_new_instance Runtime1 stub}
  0x000000010dbb6224: d7b5 e597 | 5dff ff17 

  0x000000010dbb622c: ; ImmutableOopMap {[288]=Oop }
                      ;*new {reexecute=0 rethrow=0 return_oop=0}
                      ; - jdk.internal.reflect.DirectMethodHandleAccessor::invoke@64 (line 113)
                      ;   {runtime_call fast_new_instance Runtime1 stub}
  0x000000010dbb622c: d5b5 e597 | 74ff ff17 

  0x000000010dbb6234: ; ImmutableOopMap {c_rarg2=Oop }
                      ;*new {reexecute=0 rethrow=0 return_oop=0}
                      ; - jdk.internal.reflect.DirectMethodHandleAccessor::invoke@73 (line 115)
                      ;   {runtime_call fast_new_instance Runtime1 stub}
  0x000000010dbb6234: d3b5 e597 | 8dff ff17 

  0x000000010dbb623c: ; ImmutableOopMap {[176]=Oop [184]=Oop [192]=Oop }
                      ;*new {reexecute=0 rethrow=0 return_oop=0}
                      ; - jdk.internal.reflect.DirectMethodHandleAccessor::checkReceiver@14 (line 197)
                      ; - jdk.internal.reflect.DirectMethodHandleAccessor::invoke@9 (line 99)
                      ;   {runtime_call fast_new_instance Runtime1 stub}
  0x000000010dbb623c: d1b5 e597 | a4ff ff17 

  0x000000010dbb6244: ; ImmutableOopMap {c_rarg2=Oop }
                      ;*new {reexecute=0 rethrow=0 return_oop=0}
                      ; - jdk.internal.reflect.DirectMethodHandleAccessor::invoke@83 (line 118)
                      ;   {runtime_call fast_new_instance Runtime1 stub}
  0x000000010dbb6244: cfb5 e597 | c2ff ff17 | 807f 42f9 | 9f7f 02f9 | 9f83 02f9 | fd7b 57a9 | ff03 0691 

  0x000000010dbb6260: ;   {runtime_call unwind_exception Runtime1 stub}
  0x000000010dbb6260: c8af e517 | 0000 0000 
[Stub Code]
  0x000000010dbb6268: ;   {no_reloc}
  0x000000010dbb6268: df3f 03d5 

  0x000000010dbb626c: ;   {metadata(nullptr)}
  0x000000010dbb626c: 0c00 80d2 | 0c00 a0f2 | 0c00 c0f2 | 0800 80d2 | 0800 a0f2 | 0800 c0f2 | 0001 1fd6 

  0x000000010dbb6288: ;   {static_stub}
  0x000000010dbb6288: df3f 03d5 

  0x000000010dbb628c: ;   {metadata(nullptr)}
  0x000000010dbb628c: 0c00 80d2 | 0c00 a0f2 | 0c00 c0f2 | 0800 80d2 | 0800 a0f2 | 0800 c0f2 | 0001 1fd6 

  0x000000010dbb62a8: ;   {static_stub}
  0x000000010dbb62a8: df3f 03d5 

  0x000000010dbb62ac: ;   {metadata(nullptr)}
  0x000000010dbb62ac: 0c00 80d2 | 0c00 a0f2 | 0c00 c0f2 | 0800 80d2 | 0800 a0f2 | 0800 c0f2 | 0001 1fd6 

  0x000000010dbb62c8: ;   {static_stub}
  0x000000010dbb62c8: df3f 03d5 

  0x000000010dbb62cc: ;   {metadata(nullptr)}
  0x000000010dbb62cc: 0c00 80d2 | 0c00 a0f2 | 0c00 c0f2 | 0800 80d2 | 0800 a0f2 | 0800 c0f2 | 0001 1fd6 

  0x000000010dbb62e8: ;   {static_stub}
  0x000000010dbb62e8: df3f 03d5 

  0x000000010dbb62ec: ;   {metadata(nullptr)}
  0x000000010dbb62ec: 0c00 80d2 | 0c00 a0f2 | 0c00 c0f2 | 0800 80d2 | 0800 a0f2 | 0800 c0f2 | 0001 1fd6 

  0x000000010dbb6308: ;   {static_stub}
  0x000000010dbb6308: df3f 03d5 

  0x000000010dbb630c: ;   {metadata(nullptr)}
  0x000000010dbb630c: 0c00 80d2 | 0c00 a0f2 | 0c00 c0f2 | 0800 80d2 | 0800 a0f2 | 0800 c0f2 | 0001 1fd6 

  0x000000010dbb6328: ;   {static_stub}
  0x000000010dbb6328: df3f 03d5 

  0x000000010dbb632c: ;   {metadata(nullptr)}
  0x000000010dbb632c: 0c00 80d2 | 0c00 a0f2 | 0c00 c0f2 | 0800 80d2 | 0800 a0f2 | 0800 c0f2 | 0001 1fd6 

  0x000000010dbb6348: ;   {static_stub}
  0x000000010dbb6348: df3f 03d5 

  0x000000010dbb634c: ;   {metadata(nullptr)}
  0x000000010dbb634c: 0c00 80d2 | 0c00 a0f2 | 0c00 c0f2 | 0800 80d2 | 0800 a0f2 | 0800 c0f2 | 0001 1fd6 

  0x000000010dbb6368: ;   {static_stub}
  0x000000010dbb6368: df3f 03d5 

  0x000000010dbb636c: ;   {metadata(nullptr)}
  0x000000010dbb636c: 0c00 80d2 | 0c00 a0f2 | 0c00 c0f2 | 0800 80d2 | 0800 a0f2 | 0800 c0f2 | 0001 1fd6 

  0x000000010dbb6388: ;   {static_stub}
  0x000000010dbb6388: df3f 03d5 

  0x000000010dbb638c: ;   {metadata(nullptr)}
  0x000000010dbb638c: 0c00 80d2 | 0c00 a0f2 | 0c00 c0f2 | 0800 80d2 | 0800 a0f2 | 0800 c0f2 | 0001 1fd6 

  0x000000010dbb63a8: ;   {static_stub}
  0x000000010dbb63a8: df3f 03d5 

  0x000000010dbb63ac: ;   {metadata(nullptr)}
  0x000000010dbb63ac: 0c00 80d2 | 0c00 a0f2 | 0c00 c0f2 | 0800 80d2 | 0800 a0f2 | 0800 c0f2 | 0001 1fd6 

  0x000000010dbb63c8: ;   {static_stub}
  0x000000010dbb63c8: df3f 03d5 

  0x000000010dbb63cc: ;   {metadata(nullptr)}
  0x000000010dbb63cc: 0c00 80d2 | 0c00 a0f2 | 0c00 c0f2 | 0800 80d2 | 0800 a0f2 | 0800 c0f2 | 0001 1fd6 

  0x000000010dbb63e8: ;   {static_stub}
  0x000000010dbb63e8: df3f 03d5 

  0x000000010dbb63ec: ;   {metadata(nullptr)}
  0x000000010dbb63ec: 0c00 80d2 | 0c00 a0f2 | 0c00 c0f2 | 0800 80d2 | 0800 a0f2 | 0800 c0f2 | 0001 1fd6 
[Exception Handler]
  0x000000010dbb6408: ;   {runtime_call handle_exception_from_callee Runtime1 stub}
  0x000000010dbb6408: 9eba e597 | c1d5 bbd4 | bcd8 7e04 | 0100 0000 
[Deopt Handler Code]
  0x000000010dbb6418: 1e00 0010 

  0x000000010dbb641c: ;   {runtime_call DeoptimizationBlob}
  0x000000010dbb641c: 09b2 e217 
[Deopt MH Handler Code]
  0x000000010dbb6420: 1e00 0010 

  0x000000010dbb6424: ;   {runtime_call DeoptimizationBlob}
  0x000000010dbb6424: 07b2 e217 
[/MachCode]


Compiled method (c1) 8711 4340       1       java.lang.reflect.Method::invoke (108 bytes)
 total in heap  [0x000000010dbc0d10,0x000000010dbc1370] = 1632
 relocation     [0x000000010dbc0e60,0x000000010dbc0ed8] = 120
 main code      [0x000000010dbc0f00,0x000000010dbc1138] = 568
 stub code      [0x000000010dbc1138,0x000000010dbc1210] = 216
 metadata       [0x000000010dbc1210,0x000000010dbc1248] = 56
 scopes data    [0x000000010dbc1248,0x000000010dbc12c8] = 128
 scopes pcs     [0x000000010dbc12c8,0x000000010dbc1358] = 144
 dependencies   [0x000000010dbc1358,0x000000010dbc1360] = 8
 nul chk table  [0x000000010dbc1360,0x000000010dbc1370] = 16

[Constant Pool (empty)]

[MachCode]
[Entry Point]
  # {method} {0x00000070000448a0} 'invoke' '(Ljava/lang/Object;[Ljava/lang/Object;)Ljava/lang/Object;' in 'java/lang/reflect/Method'
  # this:     c_rarg1:c_rarg1 
                        = 'java/lang/reflect/Method'
  # parm0:    c_rarg2:c_rarg2 
                        = 'java/lang/Object'
  # parm1:    c_rarg3:c_rarg3 
                        = '[Ljava/lang/Object;'
  #           [sp+0x90]  (sp of caller)
  0x000000010dbc0f00: 2808 40b9 | 3f01 086b | c001 0054 

  0x000000010dbc0f0c: ;   {runtime_call ic_miss_stub}
  0x000000010dbc0f0c: dd6b e217 | 1f20 03d5 | 1f20 03d5 | 1f20 03d5 | 1f20 03d5 | 1f20 03d5 | 1f20 03d5 | 1f20 03d5 
  0x000000010dbc0f2c: 1f20 03d5 | 1f20 03d5 | 1f20 03d5 | 1f20 03d5 | 1f20 03d5 
[Verified Entry Point]
  0x000000010dbc0f40: 1f20 03d5 | e953 40d1 | 3f01 00f9 | ff43 02d1 | fd7b 08a9 | 2801 0018 | 8923 40b9 | 1f01 09eb 
  0x000000010dbc0f60: e000 0054 | 0830 8bd2 | c8a8 a1f2 | 2800 c0f2 | 0001 3fd6 | 0200 0014 | 0d00 0000 | e18b 04a9 
  0x000000010dbc0f80: e32f 00f9 | e003 01aa | e103 00aa 

  0x000000010dbc0f8c: ; ImmutableOopMap {[72]=Oop [80]=Oop [88]=Oop }
                      ;*invokevirtual isCallerSensitive {reexecute=0 rethrow=0 return_oop=0}
                      ; - java.lang.reflect.Method::invoke@1 (line 561)
                      ;   {optimized virtual_call}
  0x000000010dbc0f8c: 5dcc fd97 

  0x000000010dbc0f90: ;   {other}
  0x000000010dbc0f90: 1f20 03d5 | 1f50 80f2 | 1f00 80f2 | e127 40f9 | 2230 4039 | 5f00 0071 | c000 0054 | 1f00 0071 
  0x000000010dbc0fb0: 8100 0054 | e603 1faa | e063 00b9 | 0800 0014 | e063 00b9 

  0x000000010dbc0fc4: ; ImmutableOopMap {[72]=Oop [80]=Oop [88]=Oop }
                      ;*invokestatic getCallerClass {reexecute=0 rethrow=0 return_oop=0}
                      ; - java.lang.reflect.Method::invoke@19 (line 564)
                      ;   {static_call}
  0x000000010dbc0fc4: 8328 e797 

  0x000000010dbc0fc8: ;   {other}
  0x000000010dbc0fc8: 1f20 03d5 | 1f57 80f2 | 1f20 80f2 | e603 00aa | e127 40f9 | 2230 4039 | 5f00 0071 | 6000 0054 
  0x000000010dbc0fe8: e637 00f9 | 1a00 0014 | 2324 40b9 | 63f0 7dd3 | 2520 40b9 | a200 1d12 | 5f00 0071 | e207 9f9a 
  0x000000010dbc1008: 4200 0012 | 5f00 0071 | 6000 0054 | e403 1faa | 0600 0014 | e22b 40f9 

  0x000000010dbc1020: ; implicit exception: dispatches to 0x000000010dbc1104
  0x000000010dbc1020: 4408 40b9 | 8408 5cd2 | 8438 40f9 | 8400 40f9 | e203 06aa | e703 01aa | e103 07aa | e637 00f9 
  0x000000010dbc1040: ; ImmutableOopMap {[72]=Oop [80]=Oop [88]=Oop [104]=Oop }
                      ;*invokevirtual checkAccess {reexecute=0 rethrow=0 return_oop=0}
                      ; - java.lang.reflect.Method::invoke@60 (line 571)
                      ;   {optimized virtual_call}
  0x000000010dbc1040: 50af ea97 

  0x000000010dbc1044: ;   {other}
  0x000000010dbc1044: 1f20 03d5 | 9f66 80f2 | 1f40 80f2 | e127 40f9 | 204c 40b9 | 00f0 7dd3 | e203 1faa | 1f00 02eb 
  0x000000010dbc1064: a100 0054 

  0x000000010dbc1068: ; ImmutableOopMap {[80]=Oop [88]=Oop [104]=Oop }
                      ;*invokevirtual acquireMethodAccessor {reexecute=0 rethrow=0 return_oop=0}
                      ; - java.lang.reflect.Method::invoke@75 (line 577)
                      ;   {optimized virtual_call}
  0x000000010dbc1068: 66f3 0294 

  0x000000010dbc106c: ;   {other}
  0x000000010dbc106c: 1f20 03d5 | 9f6b 80f2 | 1f60 80f2 | e263 40b9 | 5f00 0071 | 4002 0054 | e637 40f9 | e20f 45a9 
  0x000000010dbc108c: e403 06aa | e103 00aa | e9ff 9fd2 | e9ff bff2 | e9ff dff2 

  0x000000010dbc10a0: ; ImmutableOopMap {}
                      ;*invokeinterface invoke {reexecute=0 rethrow=0 return_oop=0}
                      ; - java.lang.reflect.Method::invoke@90 (line 580)
                      ;   {virtual_call}
  0x000000010dbc10a0: f86c e297 

  0x000000010dbc10a4: ;   {other}
  0x000000010dbc10a4: 1f20 03d5 | 9f72 80f2 | 1f80 80f2 | fd7b 48a9 | ff43 0291 

  0x000000010dbc10b8: ;   {poll_return}
  0x000000010dbc10b8: 8827 42f9 | ff63 28eb | 4802 0054 | c003 5fd6 | e20f 45a9 | e103 00aa | 0950 99d2 | 2903 a0f2 
  0x000000010dbc10d8: 090e c0f2 

  0x000000010dbc10dc: ; ImmutableOopMap {}
                      ;*invokeinterface invoke {reexecute=0 rethrow=0 return_oop=0}
                      ; - java.lang.reflect.Method::invoke@102 (line 580)
                      ;   {virtual_call}
  0x000000010dbc10dc: 09d2 ff97 

  0x000000010dbc10e0: ;   {other}
  0x000000010dbc10e0: 1f20 03d5 | 1f7a 80f2 | 1fa0 80f2 | fd7b 48a9 | ff43 0291 

  0x000000010dbc10f4: ;   {poll_return}
  0x000000010dbc10f4: 8827 42f9 | ff63 28eb | c800 0054 | c003 5fd6 

  0x000000010dbc1104: ; ImmutableOopMap {c_rarg6=Oop c_rarg1=Oop c_rarg3=Oop c_rarg2=Oop [72]=Oop [80]=Oop [88]=Oop }
                      ;*invokevirtual getClass {reexecute=0 rethrow=0 return_oop=0}
                      ; - java.lang.reflect.Method::invoke@53 (line 572)
                      ;   {runtime_call throw_null_pointer_exception Runtime1 stub}
  0x000000010dbc1104: df87 e597 

  0x000000010dbc1108: ;   {internal_word}
  0x000000010dbc1108: 88fd ff10 | 8833 02f9 

  0x000000010dbc1110: ;   {runtime_call SafepointBlob}
  0x000000010dbc1110: fc85 e217 

  0x000000010dbc1114: ;   {internal_word}
  0x000000010dbc1114: 08ff ff10 | 8833 02f9 

  0x000000010dbc111c: ;   {runtime_call SafepointBlob}
  0x000000010dbc111c: f985 e217 | 807f 42f9 | 9f7f 02f9 | 9f83 02f9 | fd7b 48a9 | ff43 0291 

  0x000000010dbc1134: ;   {runtime_call unwind_exception Runtime1 stub}
  0x000000010dbc1134: 1384 e517 
[Stub Code]
  0x000000010dbc1138: ;   {no_reloc}
  0x000000010dbc1138: df3f 03d5 

  0x000000010dbc113c: ;   {metadata(nullptr)}
  0x000000010dbc113c: 0c00 80d2 | 0c00 a0f2 | 0c00 c0f2 | 0800 80d2 | 0800 a0f2 | 0800 c0f2 | 0001 1fd6 

  0x000000010dbc1158: ;   {static_stub}
  0x000000010dbc1158: df3f 03d5 

  0x000000010dbc115c: ;   {metadata(nullptr)}
  0x000000010dbc115c: 0c00 80d2 | 0c00 a0f2 | 0c00 c0f2 | 0800 80d2 | 0800 a0f2 | 0800 c0f2 | 0001 1fd6 

  0x000000010dbc1178: ;   {static_stub}
  0x000000010dbc1178: df3f 03d5 

  0x000000010dbc117c: ;   {metadata(nullptr)}
  0x000000010dbc117c: 0c00 80d2 | 0c00 a0f2 | 0c00 c0f2 | 0800 80d2 | 0800 a0f2 | 0800 c0f2 | 0001 1fd6 

  0x000000010dbc1198: ;   {static_stub}
  0x000000010dbc1198: df3f 03d5 

  0x000000010dbc119c: ;   {metadata(nullptr)}
  0x000000010dbc119c: 0c00 80d2 | 0c00 a0f2 | 0c00 c0f2 | 0800 80d2 | 0800 a0f2 | 0800 c0f2 | 0001 1fd6 

  0x000000010dbc11b8: ;   {static_stub}
  0x000000010dbc11b8: df3f 03d5 

  0x000000010dbc11bc: ;   {metadata(nullptr)}
  0x000000010dbc11bc: 0c00 80d2 | 0c00 a0f2 | 0c00 c0f2 | 0800 80d2 | 0800 a0f2 | 0800 c0f2 | 0001 1fd6 

  0x000000010dbc11d8: ;   {static_stub}
  0x000000010dbc11d8: df3f 03d5 

  0x000000010dbc11dc: ;   {metadata({method} {0x0000007000044d18} 'acquireMethodAccessor' '()Ljdk/internal/reflect/MethodAccessor;' in 'java/lang/reflect/Method')}
  0x000000010dbc11dc: 0ca3 89d2 | 8c00 a0f2 | 0c0e c0f2 | 886a 81d2 | c8a8 a1f2 | 2800 c0f2 | 0001 1fd6 
[Exception Handler]
  0x000000010dbc11f8: ;   {runtime_call handle_exception_from_callee Runtime1 stub}
  0x000000010dbc11f8: 228f e597 | c1d5 bbd4 | bcd8 7e04 | 0100 0000 
[Deopt Handler Code]
  0x000000010dbc1208: 1e00 0010 

  0x000000010dbc120c: ;   {runtime_call DeoptimizationBlob}
  0x000000010dbc120c: 8d86 e217 
[/MachCode]


---------------  P R O C E S S  ---------------

Threads class SMR info:
_java_thread_list=0x000060000368cd60, length=39, elements={
0x000000015a80e200, 0x000000015c087600, 0x000000015c084000, 0x000000013b00a400,
0x000000015a80b600, 0x000000015a80be00, 0x000000015c08a600, 0x000000015b82fe00,
0x000000015b043200, 0x000000015b1be600, 0x000000015b981c00, 0x000000015c08bc00,
0x000000015b982a00, 0x000000015b0a7c00, 0x000000015b336e00, 0x000000015aac7400,
0x000000015b338000, 0x000000015b378800, 0x000000015b379a00, 0x000000015b81da00,
0x000000015aac7c00, 0x000000015b313a00, 0x000000015b395a00, 0x000000015b38a400,
0x000000015b38ac00, 0x000000015aae0200, 0x000000015aae3c00, 0x000000015aae4400,
0x000000015aae4c00, 0x000000015aae5400, 0x000000015aae5c00, 0x000000015aaeac00,
0x000000015aae9000, 0x000000015aae9800, 0x000000015a80c600, 0x000000015aaea000,
0x000000015aaeec00, 0x000000015b096600, 0x000000015b3a7e00
}

Java Threads: ( => current thread )
  0x000000015a80e200 JavaThread "Reference Handler"          daemon [_thread_blocked, id=29955, stack(0x000000016e9a8000,0x000000016ebab000) (2060K)]
  0x000000015c087600 JavaThread "Finalizer"                  daemon [_thread_blocked, id=29443, stack(0x000000016ebb4000,0x000000016edb7000) (2060K)]
  0x000000015c084000 JavaThread "Signal Dispatcher"          daemon [_thread_blocked, id=28931, stack(0x000000016edc0000,0x000000016efc3000) (2060K)]
  0x000000013b00a400 JavaThread "Service Thread"             daemon [_thread_blocked, id=24579, stack(0x000000016efcc000,0x000000016f1cf000) (2060K)]
  0x000000015a80b600 JavaThread "Monitor Deflation Thread"   daemon [_thread_blocked, id=28419, stack(0x000000016f1d8000,0x000000016f3db000) (2060K)]
  0x000000015a80be00 JavaThread "C1 CompilerThread0"         daemon [_thread_blocked, id=25347, stack(0x000000016f3e4000,0x000000016f5e7000) (2060K)]
  0x000000015c08a600 JavaThread "Common-Cleaner"             daemon [_thread_blocked, id=25859, stack(0x000000016f5f0000,0x000000016f7f3000) (2060K)]
  0x000000015b82fe00 JavaThread "Attach Listener"            daemon [_thread_blocked, id=26115, stack(0x000000016f7fc000,0x000000016f9ff000) (2060K)]
  0x000000015b043200 JavaThread "Monitor Ctrl-Break"         daemon [_thread_in_native, id=27651, stack(0x000000016fa08000,0x000000016fc0b000) (2060K)]
  0x000000015b1be600 JavaThread "Notification Thread"        daemon [_thread_blocked, id=27395, stack(0x000000016fc14000,0x000000016fe17000) (2060K)]
  0x000000015b981c00 JavaThread "RMI TCP Accept-0"           daemon [_thread_in_native, id=26883, stack(0x000000016fe20000,0x0000000170023000) (2060K)]
  0x000000015c08bc00 JavaThread "RMI TCP Connection(1)-192.168.5.4" daemon [_thread_in_native, id=32771, stack(0x000000017002c000,0x000000017022f000) (2060K)]
  0x000000015b982a00 JavaThread "RMI Scheduler(0)"           daemon [_thread_blocked, id=33283, stack(0x0000000170238000,0x000000017043b000) (2060K)]
  0x000000015b0a7c00 JavaThread "JMX server connection timeout 26" daemon [_thread_blocked, id=33539, stack(0x0000000170444000,0x0000000170647000) (2060K)]
  0x000000015b336e00 JavaThread "Catalina-utility-1"                [_thread_blocked, id=41267, stack(0x0000000171298000,0x000000017149b000) (2060K)]
  0x000000015aac7400 JavaThread "Catalina-utility-2"                [_thread_blocked, id=40451, stack(0x00000001718bc000,0x0000000171abf000) (2060K)]
  0x000000015b338000 JavaThread "container-0"                       [_thread_blocked, id=36355, stack(0x0000000171ac8000,0x0000000171ccb000) (2060K)]
  0x000000015b378800 JavaThread "BufferPoolPruner-1-thread-1" daemon [_thread_blocked, id=36611, stack(0x0000000171cd4000,0x0000000171ed7000) (2060K)]
  0x000000015b379a00 JavaThread "cluster-ClusterId{value='6a8c59d617fadd3b9816fdec', description='null'}-localhost:27017" daemon [_thread_in_native, id=39683, stack(0x0000000171ee0000,0x00000001720e3000) (2060K)]
  0x000000015b81da00 JavaThread "cluster-rtt-ClusterId{value='6a8c59d617fadd3b9816fdec', description='null'}-localhost:27017" daemon [_thread_blocked, id=39171, stack(0x00000001720ec000,0x00000001722ef000) (2060K)]
  0x000000015aac7c00 JavaThread "MaintenanceTimer-2-thread-1" daemon [_thread_blocked, id=37123, stack(0x00000001722f8000,0x00000001724fb000) (2060K)]
  0x000000015b313a00 JavaThread "spring.cloud.inetutils"     daemon [_thread_blocked, id=37639, stack(0x0000000172504000,0x0000000172707000) (2060K)]
  0x000000015b395a00 JavaThread "http-nio-8081-exec-1"       daemon [_thread_blocked, id=38915, stack(0x0000000172710000,0x0000000172913000) (2060K)]
=>0x000000015b38a400 JavaThread "http-nio-8081-exec-2"       daemon [_thread_in_native, id=38147, stack(0x000000017291c000,0x0000000172b1f000) (2060K)]
  0x000000015b38ac00 JavaThread "http-nio-8081-exec-3"       daemon [_thread_blocked, id=43523, stack(0x0000000172b28000,0x0000000172d2b000) (2060K)]
  0x000000015aae0200 JavaThread "http-nio-8081-exec-4"       daemon [_thread_blocked, id=65027, stack(0x0000000172d34000,0x0000000172f37000) (2060K)]
  0x000000015aae3c00 JavaThread "http-nio-8081-exec-5"       daemon [_thread_blocked, id=43779, stack(0x0000000172f40000,0x0000000173143000) (2060K)]
  0x000000015aae4400 JavaThread "http-nio-8081-exec-6"       daemon [_thread_blocked, id=44291, stack(0x000000017314c000,0x000000017334f000) (2060K)]
  0x000000015aae4c00 JavaThread "http-nio-8081-exec-7"       daemon [_thread_blocked, id=44547, stack(0x0000000173358000,0x000000017355b000) (2060K)]
  0x000000015aae5400 JavaThread "http-nio-8081-exec-8"       daemon [_thread_blocked, id=45059, stack(0x0000000173564000,0x0000000173767000) (2060K)]
  0x000000015aae5c00 JavaThread "http-nio-8081-exec-9"       daemon [_thread_blocked, id=64003, stack(0x0000000173770000,0x0000000173973000) (2060K)]
  0x000000015aaeac00 JavaThread "http-nio-8081-exec-10"      daemon [_thread_blocked, id=45571, stack(0x000000017397c000,0x0000000173b7f000) (2060K)]
  0x000000015aae9000 JavaThread "http-nio-8081-Poller"       daemon [_thread_in_native, id=63747, stack(0x0000000173b88000,0x0000000173d8b000) (2060K)]
  0x000000015aae9800 JavaThread "http-nio-8081-Acceptor"     daemon [_thread_in_native, id=46083, stack(0x0000000173d94000,0x0000000173f97000) (2060K)]
  0x000000015a80c600 JavaThread "DestroyJavaVM"                     [_thread_blocked, id=4611, stack(0x000000016d830000,0x000000016da33000) (2060K)]
  0x000000015aaea000 JavaThread "RMI TCP Connection(2)-192.168.5.4" daemon [_thread_in_native, id=46599, stack(0x0000000173fa0000,0x00000001741a3000) (2060K)]
  0x000000015aaeec00 JavaThread "AppKit Thread"              daemon [_thread_in_native, id=259, stack(0x000000016cfa8000,0x000000016d7a4000) (8176K)]
  0x000000015b096600 JavaThread "Java2D Disposer"            daemon [_thread_blocked, id=62211, stack(0x00000001741ac000,0x00000001743af000) (2060K)]
  0x000000015b3a7e00 JavaThread "JNA Cleaner"                daemon [_thread_blocked, id=48131, stack(0x00000001743b8000,0x00000001745bb000) (2060K)]
Total: 39

Other Threads:
  0x000000015a705070 VMThread "VM Thread"                           [id=19715, stack(0x000000016e684000,0x000000016e887000) (2060K)]
  0x000000014a707500 WatcherThread "VM Periodic Task Thread"        [id=20995, stack(0x000000016e478000,0x000000016e67b000) (2060K)]
  0x000000015a609d70 WorkerThread "GC Thread#0"                     [id=13827, stack(0x000000016da3c000,0x000000016dc3f000) (2060K)]
  0x000000014a623690 WorkerThread "GC Thread#1"                     [id=43011, stack(0x0000000170650000,0x0000000170853000) (2060K)]
  0x000000013b805650 WorkerThread "GC Thread#2"                     [id=34307, stack(0x000000017085c000,0x0000000170a5f000) (2060K)]
  0x000000015a650820 WorkerThread "GC Thread#3"                     [id=34563, stack(0x0000000170a68000,0x0000000170c6b000) (2060K)]
  0x000000015a651180 WorkerThread "GC Thread#4"                     [id=42499, stack(0x0000000170c74000,0x0000000170e77000) (2060K)]
  0x000000015a651ae0 WorkerThread "GC Thread#5"                     [id=42243, stack(0x0000000170e80000,0x0000000171083000) (2060K)]
  0x000000015a652440 WorkerThread "GC Thread#6"                     [id=41731, stack(0x000000017108c000,0x000000017128f000) (2060K)]
  0x000000014a7514f0 WorkerThread "GC Thread#7"                     [id=35587, stack(0x00000001714a4000,0x00000001716a7000) (2060K)]
  0x000000014a704670 ConcurrentGCThread "G1 Main Marker"            [id=12035, stack(0x000000016dc48000,0x000000016de4b000) (2060K)]
  0x000000014a704fe0 WorkerThread "G1 Conc#0"                       [id=12547, stack(0x000000016de54000,0x000000016e057000) (2060K)]
  0x000000015a6b3c00 WorkerThread "G1 Conc#1"                       [id=35847, stack(0x00000001716b0000,0x00000001718b3000) (2060K)]
  0x000000015c07b600 ConcurrentGCThread "G1 Refine#0"               [id=12803, stack(0x000000016e060000,0x000000016e263000) (2060K)]
  0x000000015a60a2e0 ConcurrentGCThread "G1 Service"                [id=21507, stack(0x000000016e26c000,0x000000016e46f000) (2060K)]
Total: 15

Threads with active compile tasks:
Total: 0

VM state: not at safepoint (normal execution)

VM Mutex/Monitor currently owned by a thread: None

Heap address: 0x0000000780000000, size: 2048 MB, Compressed Oops mode: Zero based, Oop shift amount: 3

CDS archive(s) mapped at: [0x0000007000000000-0x0000007000c90000-0x0000007000c90000), size 13172736, SharedBaseAddress: 0x0000007000000000, ArchiveRelocationMode: 1.
Compressed class space mapped at: 0x0000007001000000-0x0000007041000000, reserved size: 1073741824
Narrow klass base: 0x0000007000000000, Narrow klass shift: 0, Narrow klass range: 0x100000000

GC Precious Log:
 CardTable entry size: 512
 Card Set container configuration: InlinePtr #cards 5 size 8 Array Of Cards #cards 12 size 40 Howl #buckets 4 coarsen threshold 1843 Howl Bitmap #cards 512 size 80 coarsen threshold 460 Card regions per heap region 1 cards per card region 2048
 CPUs: 8 total, 8 available
 Memory: 8192M
 Large Page Support: Disabled
 NUMA Support: Disabled
 Compressed Oops: Enabled (Zero based)
 Heap Region Size: 1M
 Heap Min Capacity: 8M
 Heap Initial Capacity: 128M
 Heap Max Capacity: 2G
 Pre-touch: Disabled
 Parallel Workers: 8
 Concurrent Workers: 2
 Concurrent Refinement Workers: 8
 Periodic GC: Disabled

Heap:
 garbage-first heap   total 387072K, used 382581K [0x0000000780000000, 0x0000000800000000)
  region size 1024K, 61 young (62464K), 3 survivors (3072K)
 Metaspace       used 50808K, committed 51520K, reserved 1114112K
  class space    used 6900K, committed 7232K, reserved 1048576K

Heap Regions: E=young(eden), S=young(survivor), O=old, HS=humongous(starts), HC=humongous(continues), CS=collection set, F=free, TAMS=top-at-mark-start, PB=parsable bottom
|   0|0x0000000780000000, 0x0000000780100000, 0x0000000780100000|100%|HS|  |TAMS 0x0000000780000000| PB 0x0000000780000000| Complete 
|   1|0x0000000780100000, 0x0000000780200000, 0x0000000780200000|100%| O|  |TAMS 0x0000000780100000| PB 0x0000000780100000| Untracked 
|   2|0x0000000780200000, 0x0000000780300000, 0x0000000780300000|100%| O|  |TAMS 0x0000000780200000| PB 0x0000000780200000| Untracked 
|   3|0x0000000780300000, 0x0000000780400000, 0x0000000780400000|100%| O|  |TAMS 0x0000000780300000| PB 0x0000000780300000| Untracked 
|   4|0x0000000780400000, 0x0000000780500000, 0x0000000780500000|100%| O|  |TAMS 0x0000000780400000| PB 0x0000000780400000| Untracked 
|   5|0x0000000780500000, 0x0000000780600000, 0x0000000780600000|100%| O|  |TAMS 0x0000000780500000| PB 0x0000000780500000| Untracked 
|   6|0x0000000780600000, 0x0000000780700000, 0x0000000780700000|100%| O|  |TAMS 0x0000000780600000| PB 0x0000000780600000| Untracked 
|   7|0x0000000780700000, 0x0000000780800000, 0x0000000780800000|100%| O|  |TAMS 0x0000000780700000| PB 0x0000000780700000| Untracked 
|   8|0x0000000780800000, 0x0000000780900000, 0x0000000780900000|100%| O|  |TAMS 0x0000000780800000| PB 0x0000000780800000| Untracked 
|   9|0x0000000780900000, 0x0000000780a00000, 0x0000000780a00000|100%| O|  |TAMS 0x0000000780900000| PB 0x0000000780900000| Untracked 
|  10|0x0000000780a00000, 0x0000000780b00000, 0x0000000780b00000|100%| O|  |TAMS 0x0000000780a00000| PB 0x0000000780a00000| Untracked 
|  11|0x0000000780b00000, 0x0000000780c00000, 0x0000000780c00000|100%| O|  |TAMS 0x0000000780b00000| PB 0x0000000780b00000| Untracked 
|  12|0x0000000780c00000, 0x0000000780d00000, 0x0000000780d00000|100%| O|  |TAMS 0x0000000780c00000| PB 0x0000000780c00000| Untracked 
|  13|0x0000000780d00000, 0x0000000780e00000, 0x0000000780e00000|100%| O|  |TAMS 0x0000000780d00000| PB 0x0000000780d00000| Untracked 
|  14|0x0000000780e00000, 0x0000000780f00000, 0x0000000780f00000|100%| O|  |TAMS 0x0000000780e00000| PB 0x0000000780e00000| Untracked 
|  15|0x0000000780f00000, 0x0000000781000000, 0x0000000781000000|100%| O|  |TAMS 0x0000000780f00000| PB 0x0000000780f00000| Untracked 
|  16|0x0000000781000000, 0x0000000781100000, 0x0000000781100000|100%| O|  |TAMS 0x0000000781000000| PB 0x0000000781000000| Untracked 
|  17|0x0000000781100000, 0x0000000781200000, 0x0000000781200000|100%| O|  |TAMS 0x0000000781100000| PB 0x0000000781100000| Untracked 
|  18|0x0000000781200000, 0x0000000781300000, 0x0000000781300000|100%| O|  |TAMS 0x0000000781200000| PB 0x0000000781200000| Untracked 
|  19|0x0000000781300000, 0x0000000781400000, 0x0000000781400000|100%| O|  |TAMS 0x0000000781300000| PB 0x0000000781300000| Untracked 
|  20|0x0000000781400000, 0x0000000781500000, 0x0000000781500000|100%| O|  |TAMS 0x0000000781400000| PB 0x0000000781400000| Untracked 
|  21|0x0000000781500000, 0x0000000781600000, 0x0000000781600000|100%| O|  |TAMS 0x0000000781500000| PB 0x0000000781500000| Untracked 
|  22|0x0000000781600000, 0x0000000781700000, 0x0000000781700000|100%| O|  |TAMS 0x0000000781600000| PB 0x0000000781600000| Untracked 
|  23|0x0000000781700000, 0x0000000781800000, 0x0000000781800000|100%| O|  |TAMS 0x0000000781700000| PB 0x0000000781700000| Untracked 
|  24|0x0000000781800000, 0x0000000781900000, 0x0000000781900000|100%| O|  |TAMS 0x0000000781800000| PB 0x0000000781800000| Untracked 
|  25|0x0000000781900000, 0x0000000781a00000, 0x0000000781a00000|100%| O|  |TAMS 0x0000000781900000| PB 0x0000000781900000| Untracked 
|  26|0x0000000781a00000, 0x0000000781b00000, 0x0000000781b00000|100%| O|  |TAMS 0x0000000781a00000| PB 0x0000000781a00000| Untracked 
|  27|0x0000000781b00000, 0x0000000781beea80, 0x0000000781c00000| 93%| O|  |TAMS 0x0000000781b00000| PB 0x0000000781b00000| Untracked 
|  28|0x0000000781c00000, 0x0000000781d00000, 0x0000000781d00000|100%|HS|  |TAMS 0x0000000781c00000| PB 0x0000000781c00000| Complete 
|  29|0x0000000781d00000, 0x0000000781e00000, 0x0000000781e00000|100%|HS|  |TAMS 0x0000000781d00000| PB 0x0000000781d00000| Complete 
|  30|0x0000000781e00000, 0x0000000781f00000, 0x0000000781f00000|100%|HS|  |TAMS 0x0000000781e00000| PB 0x0000000781e00000| Complete 
|  31|0x0000000781f00000, 0x0000000782000000, 0x0000000782000000|100%|HS|  |TAMS 0x0000000781f00000| PB 0x0000000781f00000| Complete 
|  32|0x0000000782000000, 0x0000000782100000, 0x0000000782100000|100%|HS|  |TAMS 0x0000000782000000| PB 0x0000000782000000| Complete 
|  33|0x0000000782100000, 0x0000000782200000, 0x0000000782200000|100%|HS|  |TAMS 0x0000000782100000| PB 0x0000000782100000| Complete 
|  34|0x0000000782200000, 0x0000000782300000, 0x0000000782300000|100%| O|  |TAMS 0x0000000782200000| PB 0x0000000782200000| Untracked 
|  35|0x0000000782300000, 0x0000000782400000, 0x0000000782400000|100%| O|  |TAMS 0x0000000782300000| PB 0x0000000782300000| Untracked 
|  36|0x0000000782400000, 0x0000000782500000, 0x0000000782500000|100%| O|  |TAMS 0x0000000782400000| PB 0x0000000782400000| Untracked 
|  37|0x0000000782500000, 0x0000000782600000, 0x0000000782600000|100%| O|  |TAMS 0x0000000782500000| PB 0x0000000782500000| Untracked 
|  38|0x0000000782600000, 0x0000000782700000, 0x0000000782700000|100%| O|  |TAMS 0x0000000782600000| PB 0x0000000782600000| Untracked 
|  39|0x0000000782700000, 0x0000000782700000, 0x0000000782800000|  0%| F|  |TAMS 0x0000000782700000| PB 0x0000000782700000| Untracked 
|  40|0x0000000782800000, 0x0000000782800000, 0x0000000782900000|  0%| F|  |TAMS 0x0000000782800000| PB 0x0000000782800000| Untracked 
|  41|0x0000000782900000, 0x0000000782900000, 0x0000000782a00000|  0%| F|  |TAMS 0x0000000782900000| PB 0x0000000782900000| Untracked 
|  42|0x0000000782a00000, 0x0000000782b00000, 0x0000000782b00000|100%| O|  |TAMS 0x0000000782a00000| PB 0x0000000782a00000| Untracked 
|  43|0x0000000782b00000, 0x0000000782c00000, 0x0000000782c00000|100%| O|  |TAMS 0x0000000782b00000| PB 0x0000000782b00000| Untracked 
|  44|0x0000000782c00000, 0x0000000782d00000, 0x0000000782d00000|100%| O|  |TAMS 0x0000000782c00000| PB 0x0000000782c00000| Untracked 
|  45|0x0000000782d00000, 0x0000000782e00000, 0x0000000782e00000|100%| E|  |TAMS 0x0000000782d00000| PB 0x0000000782d00000| Complete 
|  46|0x0000000782e00000, 0x0000000782f00000, 0x0000000782f00000|100%| E|CS|TAMS 0x0000000782e00000| PB 0x0000000782e00000| Complete 
|  47|0x0000000782f00000, 0x0000000783000000, 0x0000000783000000|100%| E|CS|TAMS 0x0000000782f00000| PB 0x0000000782f00000| Complete 
|  48|0x0000000783000000, 0x0000000783100000, 0x0000000783100000|100%| E|CS|TAMS 0x0000000783000000| PB 0x0000000783000000| Complete 
|  49|0x0000000783100000, 0x0000000783200000, 0x0000000783200000|100%| E|CS|TAMS 0x0000000783100000| PB 0x0000000783100000| Complete 
|  50|0x0000000783200000, 0x0000000783300000, 0x0000000783300000|100%| E|CS|TAMS 0x0000000783200000| PB 0x0000000783200000| Complete 
|  51|0x0000000783300000, 0x0000000783400000, 0x0000000783400000|100%|HS|  |TAMS 0x0000000783300000| PB 0x0000000783300000| Complete 
|  52|0x0000000783400000, 0x0000000783500000, 0x0000000783500000|100%|HC|  |TAMS 0x0000000783400000| PB 0x0000000783400000| Complete 
|  53|0x0000000783500000, 0x0000000783600000, 0x0000000783600000|100%|HC|  |TAMS 0x0000000783500000| PB 0x0000000783500000| Complete 
|  54|0x0000000783600000, 0x0000000783700000, 0x0000000783700000|100%|HC|  |TAMS 0x0000000783600000| PB 0x0000000783600000| Complete 
|  55|0x0000000783700000, 0x0000000783800000, 0x0000000783800000|100%|HC|  |TAMS 0x0000000783700000| PB 0x0000000783700000| Complete 
|  56|0x0000000783800000, 0x0000000783900000, 0x0000000783900000|100%|HC|  |TAMS 0x0000000783800000| PB 0x0000000783800000| Complete 
|  57|0x0000000783900000, 0x0000000783a00000, 0x0000000783a00000|100%|HC|  |TAMS 0x0000000783900000| PB 0x0000000783900000| Complete 
|  58|0x0000000783a00000, 0x0000000783b00000, 0x0000000783b00000|100%|HC|  |TAMS 0x0000000783a00000| PB 0x0000000783a00000| Complete 
|  59|0x0000000783b00000, 0x0000000783c00000, 0x0000000783c00000|100%|HC|  |TAMS 0x0000000783b00000| PB 0x0000000783b00000| Complete 
|  60|0x0000000783c00000, 0x0000000783d00000, 0x0000000783d00000|100%|HC|  |TAMS 0x0000000783c00000| PB 0x0000000783c00000| Complete 
|  61|0x0000000783d00000, 0x0000000783e00000, 0x0000000783e00000|100%|HC|  |TAMS 0x0000000783d00000| PB 0x0000000783d00000| Complete 
|  62|0x0000000783e00000, 0x0000000783f00000, 0x0000000783f00000|100%|HC|  |TAMS 0x0000000783e00000| PB 0x0000000783e00000| Complete 
|  63|0x0000000783f00000, 0x0000000784000000, 0x0000000784000000|100%|HC|  |TAMS 0x0000000783f00000| PB 0x0000000783f00000| Complete 
|  64|0x0000000784000000, 0x0000000784100000, 0x0000000784100000|100%|HC|  |TAMS 0x0000000784000000| PB 0x0000000784000000| Complete 
|  65|0x0000000784100000, 0x0000000784200000, 0x0000000784200000|100%|HS|  |TAMS 0x0000000784100000| PB 0x0000000784100000| Complete 
|  66|0x0000000784200000, 0x0000000784300000, 0x0000000784300000|100%|HC|  |TAMS 0x0000000784200000| PB 0x0000000784200000| Complete 
|  67|0x0000000784300000, 0x0000000784400000, 0x0000000784400000|100%|HC|  |TAMS 0x0000000784300000| PB 0x0000000784300000| Complete 
|  68|0x0000000784400000, 0x0000000784500000, 0x0000000784500000|100%|HC|  |TAMS 0x0000000784400000| PB 0x0000000784400000| Complete 
|  69|0x0000000784500000, 0x0000000784600000, 0x0000000784600000|100%|HC|  |TAMS 0x0000000784500000| PB 0x0000000784500000| Complete 
|  70|0x0000000784600000, 0x0000000784700000, 0x0000000784700000|100%|HC|  |TAMS 0x0000000784600000| PB 0x0000000784600000| Complete 
|  71|0x0000000784700000, 0x0000000784800000, 0x0000000784800000|100%|HC|  |TAMS 0x0000000784700000| PB 0x0000000784700000| Complete 
|  72|0x0000000784800000, 0x0000000784900000, 0x0000000784900000|100%|HC|  |TAMS 0x0000000784800000| PB 0x0000000784800000| Complete 
|  73|0x0000000784900000, 0x0000000784a00000, 0x0000000784a00000|100%|HS|  |TAMS 0x0000000784900000| PB 0x0000000784900000| Complete 
|  74|0x0000000784a00000, 0x0000000784b00000, 0x0000000784b00000|100%|HC|  |TAMS 0x0000000784a00000| PB 0x0000000784a00000| Complete 
|  75|0x0000000784b00000, 0x0000000784c00000, 0x0000000784c00000|100%|HC|  |TAMS 0x0000000784b00000| PB 0x0000000784b00000| Complete 
|  76|0x0000000784c00000, 0x0000000784d00000, 0x0000000784d00000|100%|HC|  |TAMS 0x0000000784c00000| PB 0x0000000784c00000| Complete 
|  77|0x0000000784d00000, 0x0000000784e00000, 0x0000000784e00000|100%|HC|  |TAMS 0x0000000784d00000| PB 0x0000000784d00000| Complete 
|  78|0x0000000784e00000, 0x0000000784f00000, 0x0000000784f00000|100%|HC|  |TAMS 0x0000000784e00000| PB 0x0000000784e00000| Complete 
|  79|0x0000000784f00000, 0x0000000785000000, 0x0000000785000000|100%|HC|  |TAMS 0x0000000784f00000| PB 0x0000000784f00000| Complete 
|  80|0x0000000785000000, 0x0000000785100000, 0x0000000785100000|100%|HC|  |TAMS 0x0000000785000000| PB 0x0000000785000000| Complete 
|  81|0x0000000785100000, 0x0000000785200000, 0x0000000785200000|100%|HC|  |TAMS 0x0000000785100000| PB 0x0000000785100000| Complete 
|  82|0x0000000785200000, 0x0000000785300000, 0x0000000785300000|100%|HC|  |TAMS 0x0000000785200000| PB 0x0000000785200000| Complete 
|  83|0x0000000785300000, 0x0000000785400000, 0x0000000785400000|100%|HC|  |TAMS 0x0000000785300000| PB 0x0000000785300000| Complete 
|  84|0x0000000785400000, 0x0000000785500000, 0x0000000785500000|100%| E|CS|TAMS 0x0000000785400000| PB 0x0000000785400000| Complete 
|  85|0x0000000785500000, 0x0000000785600000, 0x0000000785600000|100%|HS|  |TAMS 0x0000000785500000| PB 0x0000000785500000| Complete 
|  86|0x0000000785600000, 0x0000000785700000, 0x0000000785700000|100%|HC|  |TAMS 0x0000000785600000| PB 0x0000000785600000| Complete 
|  87|0x0000000785700000, 0x0000000785800000, 0x0000000785800000|100%|HC|  |TAMS 0x0000000785700000| PB 0x0000000785700000| Complete 
|  88|0x0000000785800000, 0x0000000785900000, 0x0000000785900000|100%|HC|  |TAMS 0x0000000785800000| PB 0x0000000785800000| Complete 
|  89|0x0000000785900000, 0x0000000785a00000, 0x0000000785a00000|100%|HC|  |TAMS 0x0000000785900000| PB 0x0000000785900000| Complete 
|  90|0x0000000785a00000, 0x0000000785b00000, 0x0000000785b00000|100%|HC|  |TAMS 0x0000000785a00000| PB 0x0000000785a00000| Complete 
|  91|0x0000000785b00000, 0x0000000785c00000, 0x0000000785c00000|100%|HC|  |TAMS 0x0000000785b00000| PB 0x0000000785b00000| Complete 
|  92|0x0000000785c00000, 0x0000000785d00000, 0x0000000785d00000|100%|HC|  |TAMS 0x0000000785c00000| PB 0x0000000785c00000| Complete 
|  93|0x0000000785d00000, 0x0000000785e00000, 0x0000000785e00000|100%|HC|  |TAMS 0x0000000785d00000| PB 0x0000000785d00000| Complete 
|  94|0x0000000785e00000, 0x0000000785f00000, 0x0000000785f00000|100%|HC|  |TAMS 0x0000000785e00000| PB 0x0000000785e00000| Complete 
|  95|0x0000000785f00000, 0x0000000786000000, 0x0000000786000000|100%|HC|  |TAMS 0x0000000785f00000| PB 0x0000000785f00000| Complete 
|  96|0x0000000786000000, 0x0000000786100000, 0x0000000786100000|100%|HS|  |TAMS 0x0000000786000000| PB 0x0000000786000000| Complete 
|  97|0x0000000786100000, 0x0000000786200000, 0x0000000786200000|100%|HC|  |TAMS 0x0000000786100000| PB 0x0000000786100000| Complete 
|  98|0x0000000786200000, 0x0000000786300000, 0x0000000786300000|100%|HC|  |TAMS 0x0000000786200000| PB 0x0000000786200000| Complete 
|  99|0x0000000786300000, 0x0000000786400000, 0x0000000786400000|100%|HC|  |TAMS 0x0000000786300000| PB 0x0000000786300000| Complete 
| 100|0x0000000786400000, 0x0000000786500000, 0x0000000786500000|100%|HC|  |TAMS 0x0000000786400000| PB 0x0000000786400000| Complete 
| 101|0x0000000786500000, 0x0000000786600000, 0x0000000786600000|100%|HC|  |TAMS 0x0000000786500000| PB 0x0000000786500000| Complete 
| 102|0x0000000786600000, 0x0000000786700000, 0x0000000786700000|100%|HC|  |TAMS 0x0000000786600000| PB 0x0000000786600000| Complete 
| 103|0x0000000786700000, 0x0000000786800000, 0x0000000786800000|100%|HC|  |TAMS 0x0000000786700000| PB 0x0000000786700000| Complete 
| 104|0x0000000786800000, 0x0000000786900000, 0x0000000786900000|100%|HC|  |TAMS 0x0000000786800000| PB 0x0000000786800000| Complete 
| 105|0x0000000786900000, 0x0000000786a00000, 0x0000000786a00000|100%|HC|  |TAMS 0x0000000786900000| PB 0x0000000786900000| Complete 
| 106|0x0000000786a00000, 0x0000000786b00000, 0x0000000786b00000|100%|HC|  |TAMS 0x0000000786a00000| PB 0x0000000786a00000| Complete 
| 107|0x0000000786b00000, 0x0000000786c00000, 0x0000000786c00000|100%|HS|  |TAMS 0x0000000786b00000| PB 0x0000000786b00000| Complete 
| 108|0x0000000786c00000, 0x0000000786d00000, 0x0000000786d00000|100%|HC|  |TAMS 0x0000000786c00000| PB 0x0000000786c00000| Complete 
| 109|0x0000000786d00000, 0x0000000786e00000, 0x0000000786e00000|100%|HC|  |TAMS 0x0000000786d00000| PB 0x0000000786d00000| Complete 
| 110|0x0000000786e00000, 0x0000000786f00000, 0x0000000786f00000|100%|HC|  |TAMS 0x0000000786e00000| PB 0x0000000786e00000| Complete 
| 111|0x0000000786f00000, 0x0000000787000000, 0x0000000787000000|100%|HC|  |TAMS 0x0000000786f00000| PB 0x0000000786f00000| Complete 
| 112|0x0000000787000000, 0x0000000787100000, 0x0000000787100000|100%|HC|  |TAMS 0x0000000787000000| PB 0x0000000787000000| Complete 
| 113|0x0000000787100000, 0x0000000787200000, 0x0000000787200000|100%|HC|  |TAMS 0x0000000787100000| PB 0x0000000787100000| Complete 
| 114|0x0000000787200000, 0x0000000787300000, 0x0000000787300000|100%|HC|  |TAMS 0x0000000787200000| PB 0x0000000787200000| Complete 
| 115|0x0000000787300000, 0x0000000787400000, 0x0000000787400000|100%|HS|  |TAMS 0x0000000787300000| PB 0x0000000787300000| Complete 
| 116|0x0000000787400000, 0x0000000787500000, 0x0000000787500000|100%|HC|  |TAMS 0x0000000787400000| PB 0x0000000787400000| Complete 
| 117|0x0000000787500000, 0x0000000787600000, 0x0000000787600000|100%|HC|  |TAMS 0x0000000787500000| PB 0x0000000787500000| Complete 
| 118|0x0000000787600000, 0x0000000787700000, 0x0000000787700000|100%|HC|  |TAMS 0x0000000787600000| PB 0x0000000787600000| Complete 
| 119|0x0000000787700000, 0x0000000787800000, 0x0000000787800000|100%|HC|  |TAMS 0x0000000787700000| PB 0x0000000787700000| Complete 
| 120|0x0000000787800000, 0x0000000787900000, 0x0000000787900000|100%|HC|  |TAMS 0x0000000787800000| PB 0x0000000787800000| Complete 
| 121|0x0000000787900000, 0x0000000787a00000, 0x0000000787a00000|100%|HC|  |TAMS 0x0000000787900000| PB 0x0000000787900000| Complete 
| 122|0x0000000787a00000, 0x0000000787b00000, 0x0000000787b00000|100%|HC|  |TAMS 0x0000000787a00000| PB 0x0000000787a00000| Complete 
| 123|0x0000000787b00000, 0x0000000787c00000, 0x0000000787c00000|100%|HC|  |TAMS 0x0000000787b00000| PB 0x0000000787b00000| Complete 
| 124|0x0000000787c00000, 0x0000000787d00000, 0x0000000787d00000|100%|HC|  |TAMS 0x0000000787c00000| PB 0x0000000787c00000| Complete 
| 125|0x0000000787d00000, 0x0000000787e00000, 0x0000000787e00000|100%|HC|  |TAMS 0x0000000787d00000| PB 0x0000000787d00000| Complete 
| 126|0x0000000787e00000, 0x0000000787f00000, 0x0000000787f00000|100%| E|CS|TAMS 0x0000000787e00000| PB 0x0000000787e00000| Complete 
| 127|0x0000000787f00000, 0x0000000788000000, 0x0000000788000000|100%| E|CS|TAMS 0x0000000787f00000| PB 0x0000000787f00000| Complete 
| 128|0x0000000788000000, 0x0000000788100000, 0x0000000788100000|100%|HS|  |TAMS 0x0000000788000000| PB 0x0000000788000000| Complete 
| 129|0x0000000788100000, 0x0000000788200000, 0x0000000788200000|100%|HC|  |TAMS 0x0000000788100000| PB 0x0000000788100000| Complete 
| 130|0x0000000788200000, 0x0000000788300000, 0x0000000788300000|100%|HC|  |TAMS 0x0000000788200000| PB 0x0000000788200000| Complete 
| 131|0x0000000788300000, 0x0000000788400000, 0x0000000788400000|100%|HC|  |TAMS 0x0000000788300000| PB 0x0000000788300000| Complete 
| 132|0x0000000788400000, 0x0000000788500000, 0x0000000788500000|100%|HC|  |TAMS 0x0000000788400000| PB 0x0000000788400000| Complete 
| 133|0x0000000788500000, 0x0000000788600000, 0x0000000788600000|100%|HC|  |TAMS 0x0000000788500000| PB 0x0000000788500000| Complete 
| 134|0x0000000788600000, 0x0000000788700000, 0x0000000788700000|100%|HC|  |TAMS 0x0000000788600000| PB 0x0000000788600000| Complete 
| 135|0x0000000788700000, 0x0000000788800000, 0x0000000788800000|100%|HC|  |TAMS 0x0000000788700000| PB 0x0000000788700000| Complete 
| 136|0x0000000788800000, 0x0000000788900000, 0x0000000788900000|100%|HC|  |TAMS 0x0000000788800000| PB 0x0000000788800000| Complete 
| 137|0x0000000788900000, 0x0000000788a00000, 0x0000000788a00000|100%|HC|  |TAMS 0x0000000788900000| PB 0x0000000788900000| Complete 
| 138|0x0000000788a00000, 0x0000000788b00000, 0x0000000788b00000|100%|HC|  |TAMS 0x0000000788a00000| PB 0x0000000788a00000| Complete 
| 139|0x0000000788b00000, 0x0000000788c00000, 0x0000000788c00000|100%|HS|  |TAMS 0x0000000788b00000| PB 0x0000000788b00000| Complete 
| 140|0x0000000788c00000, 0x0000000788d00000, 0x0000000788d00000|100%|HC|  |TAMS 0x0000000788c00000| PB 0x0000000788c00000| Complete 
| 141|0x0000000788d00000, 0x0000000788e00000, 0x0000000788e00000|100%|HC|  |TAMS 0x0000000788d00000| PB 0x0000000788d00000| Complete 
| 142|0x0000000788e00000, 0x0000000788f00000, 0x0000000788f00000|100%|HC|  |TAMS 0x0000000788e00000| PB 0x0000000788e00000| Complete 
| 143|0x0000000788f00000, 0x0000000789000000, 0x0000000789000000|100%|HC|  |TAMS 0x0000000788f00000| PB 0x0000000788f00000| Complete 
| 144|0x0000000789000000, 0x0000000789100000, 0x0000000789100000|100%|HC|  |TAMS 0x0000000789000000| PB 0x0000000789000000| Complete 
| 145|0x0000000789100000, 0x0000000789200000, 0x0000000789200000|100%|HC|  |TAMS 0x0000000789100000| PB 0x0000000789100000| Complete 
| 146|0x0000000789200000, 0x0000000789300000, 0x0000000789300000|100%|HC|  |TAMS 0x0000000789200000| PB 0x0000000789200000| Complete 
| 147|0x0000000789300000, 0x0000000789400000, 0x0000000789400000|100%|HC|  |TAMS 0x0000000789300000| PB 0x0000000789300000| Complete 
| 148|0x0000000789400000, 0x0000000789500000, 0x0000000789500000|100%|HC|  |TAMS 0x0000000789400000| PB 0x0000000789400000| Complete 
| 149|0x0000000789500000, 0x0000000789600000, 0x0000000789600000|100%|HC|  |TAMS 0x0000000789500000| PB 0x0000000789500000| Complete 
| 150|0x0000000789600000, 0x0000000789700000, 0x0000000789700000|100%|HS|  |TAMS 0x0000000789600000| PB 0x0000000789600000| Complete 
| 151|0x0000000789700000, 0x0000000789800000, 0x0000000789800000|100%|HC|  |TAMS 0x0000000789700000| PB 0x0000000789700000| Complete 
| 152|0x0000000789800000, 0x0000000789900000, 0x0000000789900000|100%|HC|  |TAMS 0x0000000789800000| PB 0x0000000789800000| Complete 
| 153|0x0000000789900000, 0x0000000789a00000, 0x0000000789a00000|100%|HC|  |TAMS 0x0000000789900000| PB 0x0000000789900000| Complete 
| 154|0x0000000789a00000, 0x0000000789b00000, 0x0000000789b00000|100%|HC|  |TAMS 0x0000000789a00000| PB 0x0000000789a00000| Complete 
| 155|0x0000000789b00000, 0x0000000789c00000, 0x0000000789c00000|100%|HC|  |TAMS 0x0000000789b00000| PB 0x0000000789b00000| Complete 
| 156|0x0000000789c00000, 0x0000000789d00000, 0x0000000789d00000|100%|HC|  |TAMS 0x0000000789c00000| PB 0x0000000789c00000| Complete 
| 157|0x0000000789d00000, 0x0000000789e00000, 0x0000000789e00000|100%|HC|  |TAMS 0x0000000789d00000| PB 0x0000000789d00000| Complete 
| 158|0x0000000789e00000, 0x0000000789f00000, 0x0000000789f00000|100%|HC|  |TAMS 0x0000000789e00000| PB 0x0000000789e00000| Complete 
| 159|0x0000000789f00000, 0x000000078a000000, 0x000000078a000000|100%|HC|  |TAMS 0x0000000789f00000| PB 0x0000000789f00000| Complete 
| 160|0x000000078a000000, 0x000000078a100000, 0x000000078a100000|100%|HC|  |TAMS 0x000000078a000000| PB 0x000000078a000000| Complete 
| 161|0x000000078a100000, 0x000000078a200000, 0x000000078a200000|100%| E|CS|TAMS 0x000000078a100000| PB 0x000000078a100000| Complete 
| 162|0x000000078a200000, 0x000000078a300000, 0x000000078a300000|100%| E|CS|TAMS 0x000000078a200000| PB 0x000000078a200000| Complete 
| 163|0x000000078a300000, 0x000000078a400000, 0x000000078a400000|100%|HS|  |TAMS 0x000000078a300000| PB 0x000000078a300000| Complete 
| 164|0x000000078a400000, 0x000000078a500000, 0x000000078a500000|100%|HC|  |TAMS 0x000000078a400000| PB 0x000000078a400000| Complete 
| 165|0x000000078a500000, 0x000000078a600000, 0x000000078a600000|100%|HC|  |TAMS 0x000000078a500000| PB 0x000000078a500000| Complete 
| 166|0x000000078a600000, 0x000000078a700000, 0x000000078a700000|100%|HC|  |TAMS 0x000000078a600000| PB 0x000000078a600000| Complete 
| 167|0x000000078a700000, 0x000000078a800000, 0x000000078a800000|100%|HC|  |TAMS 0x000000078a700000| PB 0x000000078a700000| Complete 
| 168|0x000000078a800000, 0x000000078a900000, 0x000000078a900000|100%|HC|  |TAMS 0x000000078a800000| PB 0x000000078a800000| Complete 
| 169|0x000000078a900000, 0x000000078aa00000, 0x000000078aa00000|100%|HC|  |TAMS 0x000000078a900000| PB 0x000000078a900000| Complete 
| 170|0x000000078aa00000, 0x000000078ab00000, 0x000000078ab00000|100%|HC|  |TAMS 0x000000078aa00000| PB 0x000000078aa00000| Complete 
| 171|0x000000078ab00000, 0x000000078ac00000, 0x000000078ac00000|100%|HC|  |TAMS 0x000000078ab00000| PB 0x000000078ab00000| Complete 
| 172|0x000000078ac00000, 0x000000078ad00000, 0x000000078ad00000|100%|HC|  |TAMS 0x000000078ac00000| PB 0x000000078ac00000| Complete 
| 173|0x000000078ad00000, 0x000000078ae00000, 0x000000078ae00000|100%|HC|  |TAMS 0x000000078ad00000| PB 0x000000078ad00000| Complete 
| 174|0x000000078ae00000, 0x000000078af00000, 0x000000078af00000|100%|HS|  |TAMS 0x000000078ae00000| PB 0x000000078ae00000| Complete 
| 175|0x000000078af00000, 0x000000078b000000, 0x000000078b000000|100%|HC|  |TAMS 0x000000078af00000| PB 0x000000078af00000| Complete 
| 176|0x000000078b000000, 0x000000078b100000, 0x000000078b100000|100%|HC|  |TAMS 0x000000078b000000| PB 0x000000078b000000| Complete 
| 177|0x000000078b100000, 0x000000078b200000, 0x000000078b200000|100%|HC|  |TAMS 0x000000078b100000| PB 0x000000078b100000| Complete 
| 178|0x000000078b200000, 0x000000078b300000, 0x000000078b300000|100%|HC|  |TAMS 0x000000078b200000| PB 0x000000078b200000| Complete 
| 179|0x000000078b300000, 0x000000078b400000, 0x000000078b400000|100%|HC|  |TAMS 0x000000078b300000| PB 0x000000078b300000| Complete 
| 180|0x000000078b400000, 0x000000078b500000, 0x000000078b500000|100%|HC|  |TAMS 0x000000078b400000| PB 0x000000078b400000| Complete 
| 181|0x000000078b500000, 0x000000078b600000, 0x000000078b600000|100%|HC|  |TAMS 0x000000078b500000| PB 0x000000078b500000| Complete 
| 182|0x000000078b600000, 0x000000078b700000, 0x000000078b700000|100%|HS|  |TAMS 0x000000078b600000| PB 0x000000078b600000| Complete 
| 183|0x000000078b700000, 0x000000078b800000, 0x000000078b800000|100%|HC|  |TAMS 0x000000078b700000| PB 0x000000078b700000| Complete 
| 184|0x000000078b800000, 0x000000078b900000, 0x000000078b900000|100%|HC|  |TAMS 0x000000078b800000| PB 0x000000078b800000| Complete 
| 185|0x000000078b900000, 0x000000078ba00000, 0x000000078ba00000|100%|HC|  |TAMS 0x000000078b900000| PB 0x000000078b900000| Complete 
| 186|0x000000078ba00000, 0x000000078bb00000, 0x000000078bb00000|100%|HC|  |TAMS 0x000000078ba00000| PB 0x000000078ba00000| Complete 
| 187|0x000000078bb00000, 0x000000078bc00000, 0x000000078bc00000|100%|HC|  |TAMS 0x000000078bb00000| PB 0x000000078bb00000| Complete 
| 188|0x000000078bc00000, 0x000000078bd00000, 0x000000078bd00000|100%|HC|  |TAMS 0x000000078bc00000| PB 0x000000078bc00000| Complete 
| 189|0x000000078bd00000, 0x000000078be00000, 0x000000078be00000|100%|HC|  |TAMS 0x000000078bd00000| PB 0x000000078bd00000| Complete 
| 190|0x000000078be00000, 0x000000078bf00000, 0x000000078bf00000|100%|HC|  |TAMS 0x000000078be00000| PB 0x000000078be00000| Complete 
| 191|0x000000078bf00000, 0x000000078c000000, 0x000000078c000000|100%|HC|  |TAMS 0x000000078bf00000| PB 0x000000078bf00000| Complete 
| 192|0x000000078c000000, 0x000000078c100000, 0x000000078c100000|100%|HC|  |TAMS 0x000000078c000000| PB 0x000000078c000000| Complete 
| 193|0x000000078c100000, 0x000000078c200000, 0x000000078c200000|100%|HC|  |TAMS 0x000000078c100000| PB 0x000000078c100000| Complete 
| 194|0x000000078c200000, 0x000000078c300000, 0x000000078c300000|100%|HS|  |TAMS 0x000000078c200000| PB 0x000000078c200000| Complete 
| 195|0x000000078c300000, 0x000000078c400000, 0x000000078c400000|100%|HC|  |TAMS 0x000000078c300000| PB 0x000000078c300000| Complete 
| 196|0x000000078c400000, 0x000000078c500000, 0x000000078c500000|100%|HC|  |TAMS 0x000000078c400000| PB 0x000000078c400000| Complete 
| 197|0x000000078c500000, 0x000000078c600000, 0x000000078c600000|100%|HC|  |TAMS 0x000000078c500000| PB 0x000000078c500000| Complete 
| 198|0x000000078c600000, 0x000000078c700000, 0x000000078c700000|100%|HC|  |TAMS 0x000000078c600000| PB 0x000000078c600000| Complete 
| 199|0x000000078c700000, 0x000000078c800000, 0x000000078c800000|100%|HC|  |TAMS 0x000000078c700000| PB 0x000000078c700000| Complete 
| 200|0x000000078c800000, 0x000000078c900000, 0x000000078c900000|100%|HC|  |TAMS 0x000000078c800000| PB 0x000000078c800000| Complete 
| 201|0x000000078c900000, 0x000000078ca00000, 0x000000078ca00000|100%|HC|  |TAMS 0x000000078c900000| PB 0x000000078c900000| Complete 
| 202|0x000000078ca00000, 0x000000078cb00000, 0x000000078cb00000|100%|HS|  |TAMS 0x000000078ca00000| PB 0x000000078ca00000| Complete 
| 203|0x000000078cb00000, 0x000000078cc00000, 0x000000078cc00000|100%|HC|  |TAMS 0x000000078cb00000| PB 0x000000078cb00000| Complete 
| 204|0x000000078cc00000, 0x000000078cd00000, 0x000000078cd00000|100%|HC|  |TAMS 0x000000078cc00000| PB 0x000000078cc00000| Complete 
| 205|0x000000078cd00000, 0x000000078ce00000, 0x000000078ce00000|100%|HC|  |TAMS 0x000000078cd00000| PB 0x000000078cd00000| Complete 
| 206|0x000000078ce00000, 0x000000078cf00000, 0x000000078cf00000|100%|HC|  |TAMS 0x000000078ce00000| PB 0x000000078ce00000| Complete 
| 207|0x000000078cf00000, 0x000000078d000000, 0x000000078d000000|100%|HC|  |TAMS 0x000000078cf00000| PB 0x000000078cf00000| Complete 
| 208|0x000000078d000000, 0x000000078d100000, 0x000000078d100000|100%|HC|  |TAMS 0x000000078d000000| PB 0x000000078d000000| Complete 
| 209|0x000000078d100000, 0x000000078d200000, 0x000000078d200000|100%|HC|  |TAMS 0x000000078d100000| PB 0x000000078d100000| Complete 
| 210|0x000000078d200000, 0x000000078d300000, 0x000000078d300000|100%|HS|  |TAMS 0x000000078d200000| PB 0x000000078d200000| Complete 
| 211|0x000000078d300000, 0x000000078d400000, 0x000000078d400000|100%|HC|  |TAMS 0x000000078d300000| PB 0x000000078d300000| Complete 
| 212|0x000000078d400000, 0x000000078d500000, 0x000000078d500000|100%|HC|  |TAMS 0x000000078d400000| PB 0x000000078d400000| Complete 
| 213|0x000000078d500000, 0x000000078d600000, 0x000000078d600000|100%|HC|  |TAMS 0x000000078d500000| PB 0x000000078d500000| Complete 
| 214|0x000000078d600000, 0x000000078d700000, 0x000000078d700000|100%|HC|  |TAMS 0x000000078d600000| PB 0x000000078d600000| Complete 
| 215|0x000000078d700000, 0x000000078d800000, 0x000000078d800000|100%|HC|  |TAMS 0x000000078d700000| PB 0x000000078d700000| Complete 
| 216|0x000000078d800000, 0x000000078d900000, 0x000000078d900000|100%|HC|  |TAMS 0x000000078d800000| PB 0x000000078d800000| Complete 
| 217|0x000000078d900000, 0x000000078da00000, 0x000000078da00000|100%|HC|  |TAMS 0x000000078d900000| PB 0x000000078d900000| Complete 
| 218|0x000000078da00000, 0x000000078db00000, 0x000000078db00000|100%|HC|  |TAMS 0x000000078da00000| PB 0x000000078da00000| Complete 
| 219|0x000000078db00000, 0x000000078dc00000, 0x000000078dc00000|100%|HC|  |TAMS 0x000000078db00000| PB 0x000000078db00000| Complete 
| 220|0x000000078dc00000, 0x000000078dd00000, 0x000000078dd00000|100%|HC|  |TAMS 0x000000078dc00000| PB 0x000000078dc00000| Complete 
| 221|0x000000078dd00000, 0x000000078de00000, 0x000000078de00000|100%|HS|  |TAMS 0x000000078dd00000| PB 0x000000078dd00000| Complete 
| 222|0x000000078de00000, 0x000000078df00000, 0x000000078df00000|100%|HC|  |TAMS 0x000000078de00000| PB 0x000000078de00000| Complete 
| 223|0x000000078df00000, 0x000000078e000000, 0x000000078e000000|100%|HC|  |TAMS 0x000000078df00000| PB 0x000000078df00000| Complete 
| 224|0x000000078e000000, 0x000000078e100000, 0x000000078e100000|100%|HC|  |TAMS 0x000000078e000000| PB 0x000000078e000000| Complete 
| 225|0x000000078e100000, 0x000000078e200000, 0x000000078e200000|100%|HC|  |TAMS 0x000000078e100000| PB 0x000000078e100000| Complete 
| 226|0x000000078e200000, 0x000000078e300000, 0x000000078e300000|100%|HC|  |TAMS 0x000000078e200000| PB 0x000000078e200000| Complete 
| 227|0x000000078e300000, 0x000000078e400000, 0x000000078e400000|100%|HC|  |TAMS 0x000000078e300000| PB 0x000000078e300000| Complete 
| 228|0x000000078e400000, 0x000000078e500000, 0x000000078e500000|100%|HC|  |TAMS 0x000000078e400000| PB 0x000000078e400000| Complete 
| 229|0x000000078e500000, 0x000000078e600000, 0x000000078e600000|100%|HC|  |TAMS 0x000000078e500000| PB 0x000000078e500000| Complete 
| 230|0x000000078e600000, 0x000000078e700000, 0x000000078e700000|100%|HC|  |TAMS 0x000000078e600000| PB 0x000000078e600000| Complete 
| 231|0x000000078e700000, 0x000000078e800000, 0x000000078e800000|100%|HC|  |TAMS 0x000000078e700000| PB 0x000000078e700000| Complete 
| 232|0x000000078e800000, 0x000000078e900000, 0x000000078e900000|100%|HS|  |TAMS 0x000000078e800000| PB 0x000000078e800000| Complete 
| 233|0x000000078e900000, 0x000000078ea00000, 0x000000078ea00000|100%|HC|  |TAMS 0x000000078e900000| PB 0x000000078e900000| Complete 
| 234|0x000000078ea00000, 0x000000078eb00000, 0x000000078eb00000|100%|HC|  |TAMS 0x000000078ea00000| PB 0x000000078ea00000| Complete 
| 235|0x000000078eb00000, 0x000000078ec00000, 0x000000078ec00000|100%|HC|  |TAMS 0x000000078eb00000| PB 0x000000078eb00000| Complete 
| 236|0x000000078ec00000, 0x000000078ed00000, 0x000000078ed00000|100%|HC|  |TAMS 0x000000078ec00000| PB 0x000000078ec00000| Complete 
| 237|0x000000078ed00000, 0x000000078ee00000, 0x000000078ee00000|100%|HC|  |TAMS 0x000000078ed00000| PB 0x000000078ed00000| Complete 
| 238|0x000000078ee00000, 0x000000078ef00000, 0x000000078ef00000|100%|HC|  |TAMS 0x000000078ee00000| PB 0x000000078ee00000| Complete 
| 239|0x000000078ef00000, 0x000000078f000000, 0x000000078f000000|100%|HC|  |TAMS 0x000000078ef00000| PB 0x000000078ef00000| Complete 
| 240|0x000000078f000000, 0x000000078f100000, 0x000000078f100000|100%| E|CS|TAMS 0x000000078f000000| PB 0x000000078f000000| Complete 
| 241|0x000000078f100000, 0x000000078f200000, 0x000000078f200000|100%| E|CS|TAMS 0x000000078f100000| PB 0x000000078f100000| Complete 
| 242|0x000000078f200000, 0x000000078f300000, 0x000000078f300000|100%| E|CS|TAMS 0x000000078f200000| PB 0x000000078f200000| Complete 
| 243|0x000000078f300000, 0x000000078f400000, 0x000000078f400000|100%| E|CS|TAMS 0x000000078f300000| PB 0x000000078f300000| Complete 
| 244|0x000000078f400000, 0x000000078f500000, 0x000000078f500000|100%| E|CS|TAMS 0x000000078f400000| PB 0x000000078f400000| Complete 
| 245|0x000000078f500000, 0x000000078f600000, 0x000000078f600000|100%| E|CS|TAMS 0x000000078f500000| PB 0x000000078f500000| Complete 
| 246|0x000000078f600000, 0x000000078f700000, 0x000000078f700000|100%|HS|  |TAMS 0x000000078f600000| PB 0x000000078f600000| Complete 
| 247|0x000000078f700000, 0x000000078f800000, 0x000000078f800000|100%|HC|  |TAMS 0x000000078f700000| PB 0x000000078f700000| Complete 
| 248|0x000000078f800000, 0x000000078f900000, 0x000000078f900000|100%|HC|  |TAMS 0x000000078f800000| PB 0x000000078f800000| Complete 
| 249|0x000000078f900000, 0x000000078fa00000, 0x000000078fa00000|100%|HC|  |TAMS 0x000000078f900000| PB 0x000000078f900000| Complete 
| 250|0x000000078fa00000, 0x000000078fb00000, 0x000000078fb00000|100%|HC|  |TAMS 0x000000078fa00000| PB 0x000000078fa00000| Complete 
| 251|0x000000078fb00000, 0x000000078fc00000, 0x000000078fc00000|100%|HC|  |TAMS 0x000000078fb00000| PB 0x000000078fb00000| Complete 
| 252|0x000000078fc00000, 0x000000078fd00000, 0x000000078fd00000|100%|HC|  |TAMS 0x000000078fc00000| PB 0x000000078fc00000| Complete 
| 253|0x000000078fd00000, 0x000000078fe00000, 0x000000078fe00000|100%|HC|  |TAMS 0x000000078fd00000| PB 0x000000078fd00000| Complete 
| 254|0x000000078fe00000, 0x000000078ff00000, 0x000000078ff00000|100%|HC|  |TAMS 0x000000078fe00000| PB 0x000000078fe00000| Complete 
| 255|0x000000078ff00000, 0x0000000790000000, 0x0000000790000000|100%|HC|  |TAMS 0x000000078ff00000| PB 0x000000078ff00000| Complete 
| 256|0x0000000790000000, 0x0000000790100000, 0x0000000790100000|100%|HC|  |TAMS 0x0000000790000000| PB 0x0000000790000000| Complete 
| 257|0x0000000790100000, 0x0000000790200000, 0x0000000790200000|100%|HS|  |TAMS 0x0000000790100000| PB 0x0000000790100000| Complete 
| 258|0x0000000790200000, 0x0000000790300000, 0x0000000790300000|100%|HC|  |TAMS 0x0000000790200000| PB 0x0000000790200000| Complete 
| 259|0x0000000790300000, 0x0000000790400000, 0x0000000790400000|100%|HC|  |TAMS 0x0000000790300000| PB 0x0000000790300000| Complete 
| 260|0x0000000790400000, 0x0000000790500000, 0x0000000790500000|100%|HC|  |TAMS 0x0000000790400000| PB 0x0000000790400000| Complete 
| 261|0x0000000790500000, 0x0000000790600000, 0x0000000790600000|100%|HC|  |TAMS 0x0000000790500000| PB 0x0000000790500000| Complete 
| 262|0x0000000790600000, 0x0000000790700000, 0x0000000790700000|100%|HC|  |TAMS 0x0000000790600000| PB 0x0000000790600000| Complete 
| 263|0x0000000790700000, 0x0000000790800000, 0x0000000790800000|100%|HC|  |TAMS 0x0000000790700000| PB 0x0000000790700000| Complete 
| 264|0x0000000790800000, 0x0000000790900000, 0x0000000790900000|100%|HC|  |TAMS 0x0000000790800000| PB 0x0000000790800000| Complete 
| 265|0x0000000790900000, 0x0000000790a00000, 0x0000000790a00000|100%|HS|  |TAMS 0x0000000790900000| PB 0x0000000790900000| Complete 
| 266|0x0000000790a00000, 0x0000000790b00000, 0x0000000790b00000|100%|HC|  |TAMS 0x0000000790a00000| PB 0x0000000790a00000| Complete 
| 267|0x0000000790b00000, 0x0000000790c00000, 0x0000000790c00000|100%|HC|  |TAMS 0x0000000790b00000| PB 0x0000000790b00000| Complete 
| 268|0x0000000790c00000, 0x0000000790d00000, 0x0000000790d00000|100%|HC|  |TAMS 0x0000000790c00000| PB 0x0000000790c00000| Complete 
| 269|0x0000000790d00000, 0x0000000790e00000, 0x0000000790e00000|100%|HC|  |TAMS 0x0000000790d00000| PB 0x0000000790d00000| Complete 
| 270|0x0000000790e00000, 0x0000000790f00000, 0x0000000790f00000|100%|HC|  |TAMS 0x0000000790e00000| PB 0x0000000790e00000| Complete 
| 271|0x0000000790f00000, 0x0000000791000000, 0x0000000791000000|100%|HC|  |TAMS 0x0000000790f00000| PB 0x0000000790f00000| Complete 
| 272|0x0000000791000000, 0x0000000791100000, 0x0000000791100000|100%|HC|  |TAMS 0x0000000791000000| PB 0x0000000791000000| Complete 
| 273|0x0000000791100000, 0x0000000791200000, 0x0000000791200000|100%|HS|  |TAMS 0x0000000791100000| PB 0x0000000791100000| Complete 
| 274|0x0000000791200000, 0x0000000791300000, 0x0000000791300000|100%|HC|  |TAMS 0x0000000791200000| PB 0x0000000791200000| Complete 
| 275|0x0000000791300000, 0x0000000791400000, 0x0000000791400000|100%|HC|  |TAMS 0x0000000791300000| PB 0x0000000791300000| Complete 
| 276|0x0000000791400000, 0x0000000791500000, 0x0000000791500000|100%|HC|  |TAMS 0x0000000791400000| PB 0x0000000791400000| Complete 
| 277|0x0000000791500000, 0x0000000791600000, 0x0000000791600000|100%|HC|  |TAMS 0x0000000791500000| PB 0x0000000791500000| Complete 
| 278|0x0000000791600000, 0x0000000791700000, 0x0000000791700000|100%|HC|  |TAMS 0x0000000791600000| PB 0x0000000791600000| Complete 
| 279|0x0000000791700000, 0x0000000791800000, 0x0000000791800000|100%|HC|  |TAMS 0x0000000791700000| PB 0x0000000791700000| Complete 
| 280|0x0000000791800000, 0x0000000791900000, 0x0000000791900000|100%|HC|  |TAMS 0x0000000791800000| PB 0x0000000791800000| Complete 
| 281|0x0000000791900000, 0x0000000791a00000, 0x0000000791a00000|100%|HC|  |TAMS 0x0000000791900000| PB 0x0000000791900000| Complete 
| 282|0x0000000791a00000, 0x0000000791b00000, 0x0000000791b00000|100%|HC|  |TAMS 0x0000000791a00000| PB 0x0000000791a00000| Complete 
| 283|0x0000000791b00000, 0x0000000791c00000, 0x0000000791c00000|100%|HC|  |TAMS 0x0000000791b00000| PB 0x0000000791b00000| Complete 
| 284|0x0000000791c00000, 0x0000000791d00000, 0x0000000791d00000|100%|HC|  |TAMS 0x0000000791c00000| PB 0x0000000791c00000| Complete 
| 285|0x0000000791d00000, 0x0000000791e00000, 0x0000000791e00000|100%|HC|  |TAMS 0x0000000791d00000| PB 0x0000000791d00000| Complete 
| 286|0x0000000791e00000, 0x0000000791f00000, 0x0000000791f00000|100%|HC|  |TAMS 0x0000000791e00000| PB 0x0000000791e00000| Complete 
| 287|0x0000000791f00000, 0x0000000792000000, 0x0000000792000000|100%|HC|  |TAMS 0x0000000791f00000| PB 0x0000000791f00000| Complete 
| 288|0x0000000792000000, 0x0000000792100000, 0x0000000792100000|100%|HC|  |TAMS 0x0000000792000000| PB 0x0000000792000000| Complete 
| 289|0x0000000792100000, 0x0000000792200000, 0x0000000792200000|100%|HC|  |TAMS 0x0000000792100000| PB 0x0000000792100000| Complete 
| 290|0x0000000792200000, 0x0000000792300000, 0x0000000792300000|100%|HC|  |TAMS 0x0000000792200000| PB 0x0000000792200000| Complete 
| 291|0x0000000792300000, 0x0000000792400000, 0x0000000792400000|100%|HS|  |TAMS 0x0000000792300000| PB 0x0000000792300000| Complete 
| 292|0x0000000792400000, 0x0000000792500000, 0x0000000792500000|100%|HC|  |TAMS 0x0000000792400000| PB 0x0000000792400000| Complete 
| 293|0x0000000792500000, 0x0000000792600000, 0x0000000792600000|100%|HC|  |TAMS 0x0000000792500000| PB 0x0000000792500000| Complete 
| 294|0x0000000792600000, 0x0000000792700000, 0x0000000792700000|100%|HC|  |TAMS 0x0000000792600000| PB 0x0000000792600000| Complete 
| 295|0x0000000792700000, 0x0000000792800000, 0x0000000792800000|100%|HC|  |TAMS 0x0000000792700000| PB 0x0000000792700000| Complete 
| 296|0x0000000792800000, 0x0000000792900000, 0x0000000792900000|100%|HC|  |TAMS 0x0000000792800000| PB 0x0000000792800000| Complete 
| 297|0x0000000792900000, 0x0000000792a00000, 0x0000000792a00000|100%|HC|  |TAMS 0x0000000792900000| PB 0x0000000792900000| Complete 
| 298|0x0000000792a00000, 0x0000000792b00000, 0x0000000792b00000|100%|HC|  |TAMS 0x0000000792a00000| PB 0x0000000792a00000| Complete 
| 299|0x0000000792b00000, 0x0000000792c00000, 0x0000000792c00000|100%| E|CS|TAMS 0x0000000792b00000| PB 0x0000000792b00000| Complete 
| 300|0x0000000792c00000, 0x0000000792d00000, 0x0000000792d00000|100%| E|CS|TAMS 0x0000000792c00000| PB 0x0000000792c00000| Complete 
| 301|0x0000000792d00000, 0x0000000792e00000, 0x0000000792e00000|100%| E|CS|TAMS 0x0000000792d00000| PB 0x0000000792d00000| Complete 
| 302|0x0000000792e00000, 0x0000000792f00000, 0x0000000792f00000|100%| E|CS|TAMS 0x0000000792e00000| PB 0x0000000792e00000| Complete 
| 303|0x0000000792f00000, 0x0000000793000000, 0x0000000793000000|100%| E|CS|TAMS 0x0000000792f00000| PB 0x0000000792f00000| Complete 
| 304|0x0000000793000000, 0x0000000793100000, 0x0000000793100000|100%| E|CS|TAMS 0x0000000793000000| PB 0x0000000793000000| Complete 
| 305|0x0000000793100000, 0x0000000793200000, 0x0000000793200000|100%| E|CS|TAMS 0x0000000793100000| PB 0x0000000793100000| Complete 
| 306|0x0000000793200000, 0x0000000793300000, 0x0000000793300000|100%| E|CS|TAMS 0x0000000793200000| PB 0x0000000793200000| Complete 
| 307|0x0000000793300000, 0x0000000793400000, 0x0000000793400000|100%| E|CS|TAMS 0x0000000793300000| PB 0x0000000793300000| Complete 
| 308|0x0000000793400000, 0x0000000793500000, 0x0000000793500000|100%| E|CS|TAMS 0x0000000793400000| PB 0x0000000793400000| Complete 
| 309|0x0000000793500000, 0x0000000793600000, 0x0000000793600000|100%| E|CS|TAMS 0x0000000793500000| PB 0x0000000793500000| Complete 
| 310|0x0000000793600000, 0x0000000793700000, 0x0000000793700000|100%| E|CS|TAMS 0x0000000793600000| PB 0x0000000793600000| Complete 
| 311|0x0000000793700000, 0x0000000793800000, 0x0000000793800000|100%| E|CS|TAMS 0x0000000793700000| PB 0x0000000793700000| Complete 
| 312|0x0000000793800000, 0x0000000793900000, 0x0000000793900000|100%| E|CS|TAMS 0x0000000793800000| PB 0x0000000793800000| Complete 
| 313|0x0000000793900000, 0x0000000793a00000, 0x0000000793a00000|100%| E|CS|TAMS 0x0000000793900000| PB 0x0000000793900000| Complete 
| 314|0x0000000793a00000, 0x0000000793b00000, 0x0000000793b00000|100%| E|CS|TAMS 0x0000000793a00000| PB 0x0000000793a00000| Complete 
| 315|0x0000000793b00000, 0x0000000793c00000, 0x0000000793c00000|100%| E|CS|TAMS 0x0000000793b00000| PB 0x0000000793b00000| Complete 
| 316|0x0000000793c00000, 0x0000000793d00000, 0x0000000793d00000|100%| E|CS|TAMS 0x0000000793c00000| PB 0x0000000793c00000| Complete 
| 317|0x0000000793d00000, 0x0000000793e00000, 0x0000000793e00000|100%| E|CS|TAMS 0x0000000793d00000| PB 0x0000000793d00000| Complete 
| 318|0x0000000793e00000, 0x0000000793f00000, 0x0000000793f00000|100%| E|CS|TAMS 0x0000000793e00000| PB 0x0000000793e00000| Complete 
| 319|0x0000000793f00000, 0x0000000794000000, 0x0000000794000000|100%| E|CS|TAMS 0x0000000793f00000| PB 0x0000000793f00000| Complete 
| 320|0x0000000794000000, 0x0000000794100000, 0x0000000794100000|100%| E|CS|TAMS 0x0000000794000000| PB 0x0000000794000000| Complete 
| 321|0x0000000794100000, 0x0000000794200000, 0x0000000794200000|100%| E|CS|TAMS 0x0000000794100000| PB 0x0000000794100000| Complete 
| 322|0x0000000794200000, 0x0000000794300000, 0x0000000794300000|100%| E|CS|TAMS 0x0000000794200000| PB 0x0000000794200000| Complete 
| 323|0x0000000794300000, 0x0000000794400000, 0x0000000794400000|100%| E|CS|TAMS 0x0000000794300000| PB 0x0000000794300000| Complete 
| 324|0x0000000794400000, 0x0000000794500000, 0x0000000794500000|100%| E|CS|TAMS 0x0000000794400000| PB 0x0000000794400000| Complete 
| 325|0x0000000794500000, 0x0000000794600000, 0x0000000794600000|100%| E|CS|TAMS 0x0000000794500000| PB 0x0000000794500000| Complete 
| 326|0x0000000794600000, 0x0000000794700000, 0x0000000794700000|100%| E|CS|TAMS 0x0000000794600000| PB 0x0000000794600000| Complete 
| 327|0x0000000794700000, 0x0000000794800000, 0x0000000794800000|100%| E|CS|TAMS 0x0000000794700000| PB 0x0000000794700000| Complete 
| 328|0x0000000794800000, 0x0000000794900000, 0x0000000794900000|100%| E|CS|TAMS 0x0000000794800000| PB 0x0000000794800000| Complete 
| 329|0x0000000794900000, 0x0000000794a00000, 0x0000000794a00000|100%| E|CS|TAMS 0x0000000794900000| PB 0x0000000794900000| Complete 
| 330|0x0000000794a00000, 0x0000000794b00000, 0x0000000794b00000|100%| E|CS|TAMS 0x0000000794a00000| PB 0x0000000794a00000| Complete 
| 331|0x0000000794b00000, 0x0000000794c00000, 0x0000000794c00000|100%| E|CS|TAMS 0x0000000794b00000| PB 0x0000000794b00000| Complete 
| 332|0x0000000794c00000, 0x0000000794d00000, 0x0000000794d00000|100%|HS|  |TAMS 0x0000000794c00000| PB 0x0000000794c00000| Complete 
| 333|0x0000000794d00000, 0x0000000794e00000, 0x0000000794e00000|100%|HC|  |TAMS 0x0000000794d00000| PB 0x0000000794d00000| Complete 
| 334|0x0000000794e00000, 0x0000000794f00000, 0x0000000794f00000|100%|HC|  |TAMS 0x0000000794e00000| PB 0x0000000794e00000| Complete 
| 335|0x0000000794f00000, 0x0000000795000000, 0x0000000795000000|100%|HC|  |TAMS 0x0000000794f00000| PB 0x0000000794f00000| Complete 
| 336|0x0000000795000000, 0x0000000795100000, 0x0000000795100000|100%|HC|  |TAMS 0x0000000795000000| PB 0x0000000795000000| Complete 
| 337|0x0000000795100000, 0x0000000795200000, 0x0000000795200000|100%|HC|  |TAMS 0x0000000795100000| PB 0x0000000795100000| Complete 
| 338|0x0000000795200000, 0x0000000795300000, 0x0000000795300000|100%|HC|  |TAMS 0x0000000795200000| PB 0x0000000795200000| Complete 
| 339|0x0000000795300000, 0x0000000795400000, 0x0000000795400000|100%|HC|  |TAMS 0x0000000795300000| PB 0x0000000795300000| Complete 
| 340|0x0000000795400000, 0x0000000795500000, 0x0000000795500000|100%|HC|  |TAMS 0x0000000795400000| PB 0x0000000795400000| Complete 
| 341|0x0000000795500000, 0x0000000795600000, 0x0000000795600000|100%|HC|  |TAMS 0x0000000795500000| PB 0x0000000795500000| Complete 
| 342|0x0000000795600000, 0x0000000795700000, 0x0000000795700000|100%|HC|  |TAMS 0x0000000795600000| PB 0x0000000795600000| Complete 
| 343|0x0000000795700000, 0x0000000795800000, 0x0000000795800000|100%|HS|  |TAMS 0x0000000795700000| PB 0x0000000795700000| Complete 
| 344|0x0000000795800000, 0x0000000795900000, 0x0000000795900000|100%|HC|  |TAMS 0x0000000795800000| PB 0x0000000795800000| Complete 
| 345|0x0000000795900000, 0x0000000795a00000, 0x0000000795a00000|100%|HC|  |TAMS 0x0000000795900000| PB 0x0000000795900000| Complete 
| 346|0x0000000795a00000, 0x0000000795b00000, 0x0000000795b00000|100%|HC|  |TAMS 0x0000000795a00000| PB 0x0000000795a00000| Complete 
| 347|0x0000000795b00000, 0x0000000795c00000, 0x0000000795c00000|100%|HC|  |TAMS 0x0000000795b00000| PB 0x0000000795b00000| Complete 
| 348|0x0000000795c00000, 0x0000000795d00000, 0x0000000795d00000|100%|HC|  |TAMS 0x0000000795c00000| PB 0x0000000795c00000| Complete 
| 349|0x0000000795d00000, 0x0000000795e00000, 0x0000000795e00000|100%|HC|  |TAMS 0x0000000795d00000| PB 0x0000000795d00000| Complete 
| 350|0x0000000795e00000, 0x0000000795f00000, 0x0000000795f00000|100%|HC|  |TAMS 0x0000000795e00000| PB 0x0000000795e00000| Complete 
| 351|0x0000000795f00000, 0x0000000796000000, 0x0000000796000000|100%|HC|  |TAMS 0x0000000795f00000| PB 0x0000000795f00000| Complete 
| 352|0x0000000796000000, 0x0000000796100000, 0x0000000796100000|100%|HC|  |TAMS 0x0000000796000000| PB 0x0000000796000000| Complete 
| 353|0x0000000796100000, 0x0000000796200000, 0x0000000796200000|100%|HC|  |TAMS 0x0000000796100000| PB 0x0000000796100000| Complete 
| 354|0x0000000796200000, 0x0000000796300000, 0x0000000796300000|100%|HC|  |TAMS 0x0000000796200000| PB 0x0000000796200000| Complete 
| 355|0x0000000796300000, 0x0000000796400000, 0x0000000796400000|100%|HC|  |TAMS 0x0000000796300000| PB 0x0000000796300000| Complete 
| 356|0x0000000796400000, 0x0000000796500000, 0x0000000796500000|100%|HC|  |TAMS 0x0000000796400000| PB 0x0000000796400000| Complete 
| 357|0x0000000796500000, 0x0000000796600000, 0x0000000796600000|100%|HC|  |TAMS 0x0000000796500000| PB 0x0000000796500000| Complete 
| 358|0x0000000796600000, 0x0000000796700000, 0x0000000796700000|100%|HC|  |TAMS 0x0000000796600000| PB 0x0000000796600000| Complete 
| 359|0x0000000796700000, 0x0000000796800000, 0x0000000796800000|100%|HC|  |TAMS 0x0000000796700000| PB 0x0000000796700000| Complete 
| 360|0x0000000796800000, 0x0000000796900000, 0x0000000796900000|100%|HC|  |TAMS 0x0000000796800000| PB 0x0000000796800000| Complete 
|2031|0x00000007fef00000, 0x00000007ff000000, 0x00000007ff000000|100%| O|Cm|TAMS 0x00000007fef00000| PB 0x00000007fef00000| Complete 
|2032|0x00000007ff000000, 0x00000007ff100000, 0x00000007ff100000|100%| O|Cm|TAMS 0x00000007ff000000| PB 0x00000007ff000000| Complete 
|2033|0x00000007ff100000, 0x00000007ff200000, 0x00000007ff200000|100%| O|  |TAMS 0x00000007ff100000| PB 0x00000007ff100000| Untracked 
|2034|0x00000007ff200000, 0x00000007ff300000, 0x00000007ff300000|100%| O|  |TAMS 0x00000007ff200000| PB 0x00000007ff200000| Untracked 
|2035|0x00000007ff300000, 0x00000007ff400000, 0x00000007ff400000|100%| O|  |TAMS 0x00000007ff300000| PB 0x00000007ff300000| Untracked 
|2036|0x00000007ff400000, 0x00000007ff500000, 0x00000007ff500000|100%| E|CS|TAMS 0x00000007ff400000| PB 0x00000007ff400000| Complete 
|2037|0x00000007ff500000, 0x00000007ff600000, 0x00000007ff600000|100%| E|CS|TAMS 0x00000007ff500000| PB 0x00000007ff500000| Complete 
|2038|0x00000007ff600000, 0x00000007ff700000, 0x00000007ff700000|100%| E|CS|TAMS 0x00000007ff600000| PB 0x00000007ff600000| Complete 
|2039|0x00000007ff700000, 0x00000007ff800000, 0x00000007ff800000|100%| E|CS|TAMS 0x00000007ff700000| PB 0x00000007ff700000| Complete 
|2040|0x00000007ff800000, 0x00000007ff900000, 0x00000007ff900000|100%| E|CS|TAMS 0x00000007ff800000| PB 0x00000007ff800000| Complete 
|2041|0x00000007ff900000, 0x00000007ffa00000, 0x00000007ffa00000|100%| E|CS|TAMS 0x00000007ff900000| PB 0x00000007ff900000| Complete 
|2042|0x00000007ffa00000, 0x00000007ffb00000, 0x00000007ffb00000|100%| E|CS|TAMS 0x00000007ffa00000| PB 0x00000007ffa00000| Complete 
|2043|0x00000007ffb00000, 0x00000007ffbaeca8, 0x00000007ffc00000| 68%| S|CS|TAMS 0x00000007ffb00000| PB 0x00000007ffb00000| Complete 
|2044|0x00000007ffc00000, 0x00000007ffd00000, 0x00000007ffd00000|100%| S|CS|TAMS 0x00000007ffc00000| PB 0x00000007ffc00000| Complete 
|2045|0x00000007ffd00000, 0x00000007ffe00000, 0x00000007ffe00000|100%| S|CS|TAMS 0x00000007ffd00000| PB 0x00000007ffd00000| Complete 
|2046|0x00000007ffe00000, 0x00000007fff00000, 0x00000007fff00000|100%| O|  |TAMS 0x00000007ffe00000| PB 0x00000007ffe00000| Untracked 
|2047|0x00000007fff00000, 0x0000000800000000, 0x0000000800000000|100%| E|CS|TAMS 0x00000007fff00000| PB 0x00000007fff00000| Complete 

Card table byte_map: [0x0000000102e8c000,0x000000010328c000] _byte_map_base: 0x00000000ff28c000

Marking Bits: (CMBitMap*) 0x000000015c01b010
 Bits: [0x0000000110420000, 0x0000000112420000)

Polling page: 0x00000001026f4000

Metaspace:

Usage:
  Non-class:     42.88 MB used.
      Class:      6.74 MB used.
       Both:     49.62 MB used.

Virtual space:
  Non-class space:       64.00 MB reserved,      43.25 MB ( 68%) committed,  1 nodes.
      Class space:        1.00 GB reserved,       7.06 MB ( <1%) committed,  1 nodes.
             Both:        1.06 GB reserved,      50.31 MB (  5%) committed. 

Chunk freelists:
   Non-Class:  4.38 MB
       Class:  8.78 MB
        Both:  13.16 MB

MaxMetaspaceSize: unlimited
CompressedClassSpaceSize: 1.00 GB
Initial GC threshold: 21.00 MB
Current GC threshold: 83.12 MB
CDS: on
 - commit_granule_bytes: 65536.
 - commit_granule_words: 8192.
 - virtual_space_node_default_size: 8388608.
 - enlarge_chunks_in_place: 1.
 - use_allocation_guard: 0.


Internal statistics:

num_allocs_failed_limit: 6.
num_arena_births: 1002.
num_arena_deaths: 0.
num_vsnodes_births: 2.
num_vsnodes_deaths: 0.
num_space_committed: 805.
num_space_uncommitted: 0.
num_chunks_returned_to_freelist: 6.
num_chunks_taken_from_freelist: 2779.
num_chunk_merges: 6.
num_chunk_splits: 1909.
num_chunks_enlarged: 1367.
num_inconsistent_stats: 0.

CodeCache: size=49152Kb used=6821Kb max_used=9355Kb free=42330Kb
 bounds [0x000000010d420000, 0x000000010dd50000, 0x0000000110420000]
 total_blobs=3974 nmethods=3272 adapters=629
 compilation: enabled
              stopped_count=0, restarted_count=0
 full_count=0

Compilation events (20 events):
Event: 8.658 Thread 0x000000015a80be00 6098       1       jdk.internal.org.objectweb.asm.SymbolTable::getType (7 bytes)
Event: 8.658 Thread 0x000000015a80be00 nmethod 6098 0x000000010d8a9b90 code [0x000000010d8a9d00, 0x000000010d8a9e18]
Event: 8.658 Thread 0x000000015a80be00 6107       1       jdk.internal.org.objectweb.asm.SymbolTable::get (13 bytes)
Event: 8.658 Thread 0x000000015a80be00 nmethod 6107 0x000000010d8b7610 code [0x000000010d8b7780, 0x000000010d8b78b0]
Event: 8.658 Thread 0x000000015a80be00 6100       1       jdk.internal.org.objectweb.asm.SymbolTable::getMajorVersion (5 bytes)
Event: 8.658 Thread 0x000000015a80be00 nmethod 6100 0x000000010d7eae10 code [0x000000010d7eaf80, 0x000000010d7eb028]
Event: 8.658 Thread 0x000000015a80be00 6109       1       java.lang.reflect.ProxyGenerator$ProxyMethod::codeClassForName (35 bytes)
Event: 8.658 Thread 0x000000015a80be00 nmethod 6109 0x000000010d714610 code [0x000000010d714800, 0x000000010d714a68]
Event: 8.658 Thread 0x000000015a80be00 6072       1       java.lang.reflect.ReflectAccess::getExecutableSharedParameterTypes (5 bytes)
Event: 8.658 Thread 0x000000015a80be00 nmethod 6072 0x000000010d917f10 code [0x000000010d9180c0, 0x000000010d9181d0]
Event: 8.670 Thread 0x000000015a80be00 6110       1       java.awt.image.BufferedImage::getColorModel (5 bytes)
Event: 8.670 Thread 0x000000015a80be00 nmethod 6110 0x000000010d7ec990 code [0x000000010d7ecb00, 0x000000010d7ecba8]
Event: 8.672 Thread 0x000000015a80be00 6111       1       sun.awt.image.SunWritableRaster::markDirty (8 bytes)
Event: 8.672 Thread 0x000000015a80be00 nmethod 6111 0x000000010d7f1110 code [0x000000010d7f1280, 0x000000010d7f1388]
Event: 8.673 Thread 0x000000015a80be00 6112       1       sun.awt.image.IntegerInterleavedRaster::getDataElements (151 bytes)
Event: 8.673 Thread 0x000000015a80be00 nmethod 6112 0x000000010d633090 code [0x000000010d633240, 0x000000010d6336b8]
Event: 8.673 Thread 0x000000015a80be00 6113       1       sun.awt.image.IntegerInterleavedRaster::setDataElements (134 bytes)
Event: 8.673 Thread 0x000000015a80be00 nmethod 6113 0x000000010d6d5c10 code [0x000000010d6d5dc0, 0x000000010d6d6130]
Event: 8.673 Thread 0x000000015a80be00 6114       1       java.lang.Math::round (56 bytes)
Event: 8.674 Thread 0x000000015a80be00 nmethod 6114 0x000000010d7f2790 code [0x000000010d7f2900, 0x000000010d7f2a08]

GC Heap History (20 events):
Event: 6.703 GC heap before
{Heap before GC invocations=11 (full 0):
 garbage-first heap   total 96256K, used 63568K [0x0000000780000000, 0x0000000800000000)
  region size 1024K, 5 young (5120K), 3 survivors (3072K)
 Metaspace       used 47872K, committed 48576K, reserved 1114112K
  class space    used 6542K, committed 6848K, reserved 1048576K
}
Event: 6.704 GC heap after
{Heap after GC invocations=12 (full 0):
 garbage-first heap   total 96256K, used 62862K [0x0000000780000000, 0x0000000800000000)
  region size 1024K, 1 young (1024K), 1 survivors (1024K)
 Metaspace       used 47872K, committed 48576K, reserved 1114112K
  class space    used 6542K, committed 6848K, reserved 1048576K
}
Event: 6.840 GC heap before
{Heap before GC invocations=13 (full 0):
 garbage-first heap   total 128000K, used 126350K [0x0000000780000000, 0x0000000800000000)
  region size 1024K, 21 young (21504K), 1 survivors (1024K)
 Metaspace       used 48036K, committed 48768K, reserved 1114112K
  class space    used 6564K, committed 6912K, reserved 1048576K
}
Event: 6.842 GC heap after
{Heap after GC invocations=14 (full 0):
 garbage-first heap   total 137216K, used 99217K [0x0000000780000000, 0x0000000800000000)
  region size 1024K, 4 young (4096K), 4 survivors (4096K)
 Metaspace       used 48036K, committed 48768K, reserved 1114112K
  class space    used 6564K, committed 6912K, reserved 1048576K
}
Event: 6.971 GC heap before
{Heap before GC invocations=14 (full 0):
 garbage-first heap   total 164864K, used 163729K [0x0000000780000000, 0x0000000800000000)
  region size 1024K, 25 young (25600K), 4 survivors (4096K)
 Metaspace       used 48036K, committed 48768K, reserved 1114112K
  class space    used 6564K, committed 6912K, reserved 1048576K
}
Event: 6.972 GC heap after
{Heap after GC invocations=15 (full 0):
 garbage-first heap   total 172032K, used 119229K [0x0000000780000000, 0x0000000800000000)
  region size 1024K, 2 young (2048K), 2 survivors (2048K)
 Metaspace       used 48036K, committed 48768K, reserved 1114112K
  class space    used 6564K, committed 6912K, reserved 1048576K
}
Event: 6.973 GC heap before
{Heap before GC invocations=15 (full 0):
 garbage-first heap   total 172032K, used 126397K [0x0000000780000000, 0x0000000800000000)
  region size 1024K, 10 young (10240K), 2 survivors (2048K)
 Metaspace       used 48036K, committed 48768K, reserved 1114112K
  class space    used 6564K, committed 6912K, reserved 1048576K
}
Event: 6.974 GC heap after
{Heap after GC invocations=16 (full 0):
 garbage-first heap   total 172032K, used 110050K [0x0000000780000000, 0x0000000800000000)
  region size 1024K, 5 young (5120K), 5 survivors (5120K)
 Metaspace       used 48036K, committed 48768K, reserved 1114112K
  class space    used 6564K, committed 6912K, reserved 1048576K
}
Event: 7.154 GC heap before
{Heap before GC invocations=17 (full 0):
 garbage-first heap   total 179200K, used 138722K [0x0000000780000000, 0x0000000800000000)
  region size 1024K, 30 young (30720K), 5 survivors (5120K)
 Metaspace       used 49000K, committed 49664K, reserved 1114112K
  class space    used 6667K, committed 6976K, reserved 1048576K
}
Event: 7.156 GC heap after
{Heap after GC invocations=18 (full 0):
 garbage-first heap   total 179200K, used 105628K [0x0000000780000000, 0x0000000800000000)
  region size 1024K, 4 young (4096K), 4 survivors (4096K)
 Metaspace       used 49000K, committed 49664K, reserved 1114112K
  class space    used 6667K, committed 6976K, reserved 1048576K
}
Event: 7.310 GC heap before
{Heap before GC invocations=18 (full 0):
 garbage-first heap   total 215040K, used 213148K [0x0000000780000000, 0x0000000800000000)
  region size 1024K, 37 young (37888K), 4 survivors (4096K)
 Metaspace       used 49013K, committed 49664K, reserved 1114112K
  class space    used 6668K, committed 6976K, reserved 1048576K
}
Event: 7.312 GC heap after
{Heap after GC invocations=19 (full 0):
 garbage-first heap   total 224256K, used 159390K [0x0000000780000000, 0x0000000800000000)
  region size 1024K, 5 young (5120K), 5 survivors (5120K)
 Metaspace       used 49013K, committed 49664K, reserved 1114112K
  class space    used 6668K, committed 6976K, reserved 1048576K
}
Event: 7.313 GC heap before
{Heap before GC invocations=19 (full 0):
 garbage-first heap   total 224256K, used 162462K [0x0000000780000000, 0x0000000800000000)
  region size 1024K, 9 young (9216K), 5 survivors (5120K)
 Metaspace       used 49014K, committed 49664K, reserved 1114112K
  class space    used 6668K, committed 6976K, reserved 1048576K
}
Event: 7.314 GC heap after
{Heap after GC invocations=20 (full 0):
 garbage-first heap   total 269312K, used 145125K [0x0000000780000000, 0x0000000800000000)
  region size 1024K, 4 young (4096K), 4 survivors (4096K)
 Metaspace       used 49014K, committed 49664K, reserved 1114112K
  class space    used 6668K, committed 6976K, reserved 1048576K
}
Event: 7.615 GC heap before
{Heap before GC invocations=21 (full 0):
 garbage-first heap   total 296960K, used 289509K [0x0000000780000000, 0x0000000800000000)
  region size 1024K, 50 young (51200K), 4 survivors (4096K)
 Metaspace       used 49016K, committed 49792K, reserved 1114112K
  class space    used 6668K, committed 7040K, reserved 1048576K
}
Event: 7.616 GC heap after
{Heap after GC invocations=22 (full 0):
 garbage-first heap   total 296960K, used 193982K [0x0000000780000000, 0x0000000800000000)
  region size 1024K, 5 young (5120K), 5 survivors (5120K)
 Metaspace       used 49016K, committed 49792K, reserved 1114112K
  class space    used 6668K, committed 7040K, reserved 1048576K
}
Event: 7.888 GC heap before
{Heap before GC invocations=22 (full 0):
 garbage-first heap   total 323584K, used 321982K [0x0000000780000000, 0x0000000800000000)
  region size 1024K, 47 young (48128K), 5 survivors (5120K)
 Metaspace       used 50284K, committed 51072K, reserved 1114112K
  class space    used 6845K, committed 7168K, reserved 1048576K
}
Event: 7.890 GC heap after
{Heap after GC invocations=23 (full 0):
 garbage-first heap   total 329728K, used 228043K [0x0000000780000000, 0x0000000800000000)
  region size 1024K, 6 young (6144K), 6 survivors (6144K)
 Metaspace       used 50284K, committed 51072K, reserved 1114112K
  class space    used 6845K, committed 7168K, reserved 1048576K
}
Event: 7.891 GC heap before
{Heap before GC invocations=23 (full 0):
 garbage-first heap   total 329728K, used 228043K [0x0000000780000000, 0x0000000800000000)
  region size 1024K, 7 young (7168K), 6 survivors (6144K)
 Metaspace       used 50284K, committed 51072K, reserved 1114112K
  class space    used 6845K, committed 7168K, reserved 1048576K
}
Event: 7.892 GC heap after
{Heap after GC invocations=24 (full 0):
 garbage-first heap   total 329728K, used 225909K [0x0000000780000000, 0x0000000800000000)
  region size 1024K, 3 young (3072K), 3 survivors (3072K)
 Metaspace       used 50284K, committed 51072K, reserved 1114112K
  class space    used 6845K, committed 7168K, reserved 1048576K
}

Dll operation events (20 events):
Event: 1.218 Loading shared library /Users/dohoainho/Library/Java/JavaVirtualMachines/ms-21.0.6/Contents/Home/lib/liblibtcnative-1.dylib failed, dlopen(/Users/dohoainho/Library/Java/JavaVirtualMachines/ms-21.0.6/Contents/Home/lib/liblibtcnative-1.dylib, 0x0001): tried
Event: 1.218 Loading shared library /Users/dohoainho/Library/Java/JavaVirtualMachines/ms-21.0.6/Contents/Home/lib/liblibtcnative-1.jnilib failed, dlopen(/Users/dohoainho/Library/Java/JavaVirtualMachines/ms-21.0.6/Contents/Home/lib/liblibtcnative-1.jnilib, 0x0001): tri
Event: 1.218 Loading shared library /Users/dohoainho/Library/Java/Extensions/liblibtcnative-1.dylib failed, dlopen(/Users/dohoainho/Library/Java/Extensions/liblibtcnative-1.dylib, 0x0001): tried: '/Users/dohoainho/Library/Java/Extensions/liblibtcnative-1.dylib' (no su
Event: 1.218 Loading shared library /Users/dohoainho/Library/Java/Extensions/liblibtcnative-1.jnilib failed, dlopen(/Users/dohoainho/Library/Java/Extensions/liblibtcnative-1.jnilib, 0x0001): tried: '/Users/dohoainho/Library/Java/Extensions/liblibtcnative-1.jnilib' (no
Event: 1.218 Loading shared library /Library/Java/Extensions/liblibtcnative-1.dylib failed, dlopen(/Library/Java/Extensions/liblibtcnative-1.dylib, 0x0001): tried: '/Library/Java/Extensions/liblibtcnative-1.dylib' (no such file), '/System/Volumes/Preboot/Cryptexes/OS/
Event: 1.218 Loading shared library /Library/Java/Extensions/liblibtcnative-1.jnilib failed, dlopen(/Library/Java/Extensions/liblibtcnative-1.jnilib, 0x0001): tried: '/Library/Java/Extensions/liblibtcnative-1.jnilib' (no such file), '/System/Volumes/Preboot/Cryptexes/
Event: 1.218 Loading shared library /Network/Library/Java/Extensions/liblibtcnative-1.dylib failed, dlopen(/Network/Library/Java/Extensions/liblibtcnative-1.dylib, 0x0001): tried: '/Network/Library/Java/Extensions/liblibtcnative-1.dylib' (no such file), '/System/Volum
Event: 1.218 Loading shared library /Network/Library/Java/Extensions/liblibtcnative-1.jnilib failed, dlopen(/Network/Library/Java/Extensions/liblibtcnative-1.jnilib, 0x0001): tried: '/Network/Library/Java/Extensions/liblibtcnative-1.jnilib' (no such file), '/System/Vo
Event: 1.219 Loading shared library /System/Library/Java/Extensions/liblibtcnative-1.dylib failed, dlopen(/System/Library/Java/Extensions/liblibtcnative-1.dylib, 0x0001): tried: '/System/Library/Java/Extensions/liblibtcnative-1.dylib' (no such file), '/System/Volumes/
Event: 1.219 Loading shared library /System/Library/Java/Extensions/liblibtcnative-1.jnilib failed, dlopen(/System/Library/Java/Extensions/liblibtcnative-1.jnilib, 0x0001): tried: '/System/Library/Java/Extensions/liblibtcnative-1.jnilib' (no such file), '/System/Volum
Event: 1.219 Loading shared library /usr/lib/java/liblibtcnative-1.dylib failed, dlopen(/usr/lib/java/liblibtcnative-1.dylib, 0x0001): tried: '/usr/lib/java/liblibtcnative-1.dylib' (no such file), '/System/Volumes/Preboot/Cryptexes/OS/usr/lib/java/liblibtcnative-1.dyl
Event: 1.219 Loading shared library /usr/lib/java/liblibtcnative-1.jnilib failed, dlopen(/usr/lib/java/liblibtcnative-1.jnilib, 0x0001): tried: '/usr/lib/java/liblibtcnative-1.jnilib' (no such file), '/System/Volumes/Preboot/Cryptexes/OS/usr/lib/java/liblibtcnative-1.
Event: 1.219 Loading shared library /Users/dohoainho/Downloads/english-practice/liblibtcnative-1.dylib failed, dlopen(/Users/dohoainho/Downloads/english-practice/liblibtcnative-1.dylib, 0x0001): tried: '/Users/dohoainho/Downloads/english-practice/liblibtcnative-1.dyli
Event: 1.219 Loading shared library /Users/dohoainho/Downloads/english-practice/liblibtcnative-1.jnilib failed, dlopen(/Users/dohoainho/Downloads/english-practice/liblibtcnative-1.jnilib, 0x0001): tried: '/Users/dohoainho/Downloads/english-practice/liblibtcnative-1.jn
Event: 6.496 Loaded shared library /Users/dohoainho/Library/Java/JavaVirtualMachines/ms-21.0.6/Contents/Home/lib/libawt.dylib
Event: 6.582 Loaded shared library /Users/dohoainho/Library/Java/JavaVirtualMachines/ms-21.0.6/Contents/Home/lib/libawt_lwawt.dylib
Event: 6.610 Loaded shared library /Users/dohoainho/Library/Java/JavaVirtualMachines/ms-21.0.6/Contents/Home/lib/libfontmanager.dylib
Event: 6.682 Loaded shared library /Users/dohoainho/Library/Java/JavaVirtualMachines/ms-21.0.6/Contents/Home/lib/libjavajpeg.dylib
Event: 7.824 Loaded shared library /Users/dohoainho/Library/Java/JavaVirtualMachines/ms-21.0.6/Contents/Home/lib/libverify.dylib
Event: 8.615 Loaded shared library /Users/dohoainho/Library/Caches/JNA/temp/jna3203227590924581373.tmp

Deoptimization events (20 events):
Event: 1.564 Thread 0x000000015b016800 DEOPT PACKING pc=0x000000010d86a128 sp=0x000000016da2f230
Event: 1.564 Thread 0x000000015b016800 DEOPT UNPACKING pc=0x000000010d462e7c sp=0x000000016da2ef80 mode 3
Event: 1.566 Thread 0x000000015b016800 DEOPT PACKING pc=0x000000010d7bc044 sp=0x000000016da2e360
Event: 1.566 Thread 0x000000015b016800 DEOPT UNPACKING pc=0x000000010d462e7c sp=0x000000016da2e0c0 mode 3
Event: 1.587 Thread 0x000000015c08bc00 DEOPT PACKING pc=0x000000010da675f4 sp=0x000000017022e310
Event: 1.587 Thread 0x000000015c08bc00 DEOPT UNPACKING pc=0x000000010d462e7c sp=0x000000017022e060 mode 0
Event: 1.631 Thread 0x000000015b016800 DEOPT PACKING pc=0x000000010da34d30 sp=0x000000016da2dda0
Event: 1.631 Thread 0x000000015b016800 DEOPT UNPACKING pc=0x000000010d462e7c sp=0x000000016da2da70 mode 3
Event: 1.782 Thread 0x000000015b016800 DEOPT PACKING pc=0x000000010dca423c sp=0x000000016da31f20
Event: 1.782 Thread 0x000000015b016800 DEOPT UNPACKING pc=0x000000010d462e7c sp=0x000000016da31c30 mode 3
Event: 6.481 Thread 0x000000015b38a400 DEOPT PACKING pc=0x000000010dd0206c sp=0x0000000172b19c20
Event: 6.481 Thread 0x000000015b38a400 DEOPT UNPACKING pc=0x000000010d462e7c sp=0x0000000172b198d0 mode 3
Event: 6.482 Thread 0x000000015b38a400 DEOPT PACKING pc=0x000000010dd024ec sp=0x0000000172b19c20
Event: 6.482 Thread 0x000000015b38a400 DEOPT UNPACKING pc=0x000000010d462e7c sp=0x0000000172b198d0 mode 3
Event: 6.483 Thread 0x000000015b38a400 DEOPT PACKING pc=0x000000010dd0296c sp=0x0000000172b19c20
Event: 6.483 Thread 0x000000015b38a400 DEOPT UNPACKING pc=0x000000010d462e7c sp=0x0000000172b198d0 mode 3
Event: 7.071 Thread 0x000000015b38a400 DEOPT PACKING pc=0x000000010d6c737c sp=0x0000000172b19460
Event: 7.071 Thread 0x000000015b38a400 DEOPT UNPACKING pc=0x000000010d462e7c sp=0x0000000172b192a0 mode 3
Event: 7.836 Thread 0x000000015b38a400 DEOPT PACKING pc=0x000000010d5bf688 sp=0x0000000172b18c90
Event: 7.836 Thread 0x000000015b38a400 DEOPT UNPACKING pc=0x000000010d462e7c sp=0x0000000172b18990 mode 3

Classes loaded (20 events):
Event: 7.836 Loading class java/util/concurrent/ConcurrentHashMap$TreeBin
Event: 7.836 Loading class java/util/concurrent/ConcurrentHashMap$TreeBin done
Event: 8.259 Loading class java/io/FilenameFilter
Event: 8.259 Loading class java/io/FilenameFilter done
Event: 8.259 Loading class java/nio/charset/IllegalCharsetNameException
Event: 8.259 Loading class java/nio/charset/IllegalCharsetNameException done
Event: 8.260 Loading class java/io/File$TempDirectory
Event: 8.260 Loading class java/io/File$TempDirectory done
Event: 8.615 Loading class java/nio/ShortBuffer
Event: 8.616 Loading class java/nio/ShortBuffer done
Event: 8.616 Loading class java/nio/FloatBuffer
Event: 8.616 Loading class java/nio/FloatBuffer done
Event: 8.616 Loading class java/nio/DoubleBuffer
Event: 8.616 Loading class java/nio/DoubleBuffer done
Event: 8.658 Loading class java/lang/foreign/ValueLayout
Event: 8.658 Loading class java/lang/foreign/MemoryLayout
Event: 8.658 Loading class java/lang/foreign/MemoryLayout done
Event: 8.658 Loading class java/lang/foreign/ValueLayout done
Event: 8.673 Loading class java/awt/image/ShortLookupTable
Event: 8.673 Loading class java/awt/image/ShortLookupTable done

Classes unloaded (0 events):
No events

Classes redefined (0 events):
No events

Internal exceptions (20 events):
Event: 1.768 Thread 0x000000015b016800 Exception <a 'java/lang/NoSuchMethodError'{0x00000007830d4c10}: 'java.lang.Object java.lang.invoke.DirectMethodHandle$Holder.newInvokeSpecial(java.lang.Object, java.lang.Object, int, java.lang.Object, java.lang.Object)'> (0x00000007830d4c10) 
thrown [src/hotspot/share/interpreter/linkResolver.cpp, line 773]
Event: 1.768 Thread 0x000000015b016800 Exception <a 'java/lang/NoSuchMethodError'{0x00000007830dfe40}: 'java.lang.Object java.lang.invoke.DirectMethodHandle$Holder.invokeSpecial(java.lang.Object, java.lang.Object, int, java.lang.Object, int, java.lang.Object)'> (0x00000007830dfe40) 
thrown [src/hotspot/share/interpreter/linkResolver.cpp, line 773]
Event: 1.768 Thread 0x000000015b016800 Exception <a 'java/lang/NoSuchMethodError'{0x00000007830e7230}: 'java.lang.Object java.lang.invoke.DirectMethodHandle$Holder.newInvokeSpecial(java.lang.Object, java.lang.Object, int, java.lang.Object, int)'> (0x00000007830e7230) 
thrown [src/hotspot/share/interpreter/linkResolver.cpp, line 773]
Event: 1.768 Thread 0x000000015b016800 Exception <a 'java/lang/NoSuchMethodError'{0x00000007830eb140}: 'java.lang.Object java.lang.invoke.DirectMethodHandle$Holder.invokeSpecial(java.lang.Object, java.lang.Object, java.lang.Object, int, java.lang.Object, int)'> (0x00000007830eb140) 
thrown [src/hotspot/share/interpreter/linkResolver.cpp, line 773]
Event: 2.108 Thread 0x000000015aaea000 Exception <a 'java/lang/NoSuchMethodError'{0x0000000782daf1e0}: 'java.lang.Object java.lang.invoke.DirectMethodHandle$Holder.invokeInterface(java.lang.Object, java.lang.Object, java.lang.Object, java.lang.Object, java.lang.Object, java.lang.Object, java.lang.Object)'> (0x0000000782daf1e0) 
thrown [src/hotspot/share/interpreter/linkResolver.cpp, line 773]
Event: 6.305 Thread 0x000000015b38a400 Exception <a 'java/lang/NoSuchMethodError'{0x0000000782b95210}: 'java.lang.Object java.lang.invoke.DirectMethodHandle$Holder.invokeSpecial(java.lang.Object, java.lang.Object, java.lang.Object, java.lang.Object, java.lang.Object, long)'> (0x0000000782b95210) 
thrown [src/hotspot/share/interpreter/linkResolver.cpp, line 773]
Event: 6.305 Thread 0x000000015b38a400 Exception <a 'java/lang/NoSuchMethodError'{0x0000000782b989f0}: 'java.lang.Object java.lang.invoke.Invokers$Holder.linkToTargetMethod(java.lang.Object, java.lang.Object, java.lang.Object, long, java.lang.Object)'> (0x0000000782b989f0) 
thrown [src/hotspot/share/interpreter/linkResolver.cpp, line 773]
Event: 6.331 Thread 0x000000015b38a400 Exception <a 'java/lang/NoSuchMethodError'{0x000000078291d6a0}: 'java.lang.Object java.lang.invoke.DirectMethodHandle$Holder.invokeStatic(java.lang.Object, int, int)'> (0x000000078291d6a0) 
thrown [src/hotspot/share/interpreter/linkResolver.cpp, line 773]
Event: 6.464 Thread 0x000000015b38a400 Exception <a 'java/lang/NoSuchMethodError'{0x00000007827d3428}: 'void java.lang.invoke.DirectMethodHandle$Holder.invokeStaticInit(java.lang.Object, java.lang.Object, java.lang.Object, java.lang.Object)'> (0x00000007827d3428) 
thrown [src/hotspot/share/interpreter/linkResolver.cpp, line 773]
Event: 6.586 Thread 0x000000015b38a400 Exception <a 'java/lang/ClassNotFoundException'{0x0000000782543ed0}: sun/awt/resources/spi/awtProvider> (0x0000000782543ed0) 
thrown [src/hotspot/share/classfile/systemDictionary.cpp, line 312]
Event: 6.587 Thread 0x000000015b38a400 Exception <a 'java/io/FileNotFoundException'{0x000000078254d628}> (0x000000078254d628) 
thrown [src/hotspot/share/prims/jni.cpp, line 520]
Event: 6.587 Thread 0x000000015b38a400 Exception <a 'java/io/FileNotFoundException'{0x000000078254f4b8}> (0x000000078254f4b8) 
thrown [src/hotspot/share/prims/jni.cpp, line 520]
Event: 6.601 Thread 0x000000015b38a400 Exception <a 'java/lang/NoSuchMethodError'{0x00000007824972d8}: 'float java.lang.invoke.DirectMethodHandle$Holder.invokeStaticInit(java.lang.Object, float, float)'> (0x00000007824972d8) 
thrown [src/hotspot/share/interpreter/linkResolver.cpp, line 773]
Event: 6.607 Thread 0x000000015b38a400 Exception <a 'java/lang/ClassNotFoundException'{0x00000007824bdf18}: sun/awt/resources/spi/awtosxProvider> (0x00000007824bdf18) 
thrown [src/hotspot/share/classfile/systemDictionary.cpp, line 312]
Event: 7.831 Thread 0x000000015b38a400 Exception <a 'java/lang/NoSuchMethodError'{0x0000000787fb70e8}: 'int java.lang.invoke.DirectMethodHandle$Holder.invokeStatic(java.lang.Object, int, java.lang.Object)'> (0x0000000787fb70e8) 
thrown [src/hotspot/share/interpreter/linkResolver.cpp, line 773]
Event: 7.831 Thread 0x000000015b38a400 Exception <a 'java/lang/NoSuchMethodError'{0x0000000787fc5c60}: 'void java.lang.invoke.Invokers$Holder.invoke_MT(java.lang.Object, java.lang.Object, java.lang.Object, java.lang.Object)'> (0x0000000787fc5c60) 
thrown [src/hotspot/share/interpreter/linkResolver.cpp, line 773]
Event: 7.832 Thread 0x000000015b38a400 Exception <a 'java/lang/NoSuchMethodError'{0x0000000787fd05c8}: 'java.lang.Object java.lang.invoke.DirectMethodHandle$Holder.newInvokeSpecial(java.lang.Object, java.lang.Object, int)'> (0x0000000787fd05c8) 
thrown [src/hotspot/share/interpreter/linkResolver.cpp, line 773]
Event: 7.861 Thread 0x000000015b38a400 Exception <a 'java/lang/NoSuchMethodError'{0x00000007831fdc28}: 'void java.lang.invoke.DirectMethodHandle$Holder.invokeSpecial(java.lang.Object, java.lang.Object, int)'> (0x00000007831fdc28) 
thrown [src/hotspot/share/interpreter/linkResolver.cpp, line 773]
Event: 7.864 Thread 0x000000015b38a400 Exception <a 'java/lang/NoSuchMethodError'{0x000000078304f858}: 'void java.lang.invoke.DirectMethodHandle$Holder.invokeSpecial(java.lang.Object, java.lang.Object, long)'> (0x000000078304f858) 
thrown [src/hotspot/share/interpreter/linkResolver.cpp, line 773]
Event: 7.864 Thread 0x000000015b38a400 Exception <a 'java/lang/NoSuchMethodError'{0x0000000783055c20}: 'java.lang.Object java.lang.invoke.DirectMethodHandle$Holder.newInvokeSpecial(java.lang.Object, java.lang.Object, long)'> (0x0000000783055c20) 
thrown [src/hotspot/share/interpreter/linkResolver.cpp, line 773]

ZGC Phase Switch (0 events):
No events

VM Operations (20 events):
Event: 7.154 Executing VM operation: G1CollectForAllocation (G1 Evacuation Pause)
Event: 7.156 Executing VM operation: G1CollectForAllocation (G1 Evacuation Pause) done
Event: 7.310 Executing VM operation: G1CollectForAllocation (G1 Evacuation Pause)
Event: 7.312 Executing VM operation: G1CollectForAllocation (G1 Evacuation Pause) done
Event: 7.313 Executing VM operation: G1TryInitiateConcMark (G1 Humongous Allocation)
Event: 7.314 Executing VM operation: G1TryInitiateConcMark (G1 Humongous Allocation) done
Event: 7.326 Executing VM operation: G1PauseRemark
Event: 7.327 Executing VM operation: G1PauseRemark done
Event: 7.335 Executing VM operation: G1PauseCleanup
Event: 7.335 Executing VM operation: G1PauseCleanup done
Event: 7.615 Executing VM operation: G1CollectForAllocation (G1 Evacuation Pause)
Event: 7.616 Executing VM operation: G1CollectForAllocation (G1 Evacuation Pause) done
Event: 7.888 Executing VM operation: G1CollectForAllocation (G1 Evacuation Pause)
Event: 7.890 Executing VM operation: G1CollectForAllocation (G1 Evacuation Pause) done
Event: 7.891 Executing VM operation: G1TryInitiateConcMark (G1 Humongous Allocation)
Event: 7.892 Executing VM operation: G1TryInitiateConcMark (G1 Humongous Allocation) done
Event: 7.906 Executing VM operation: G1PauseRemark
Event: 7.910 Executing VM operation: G1PauseRemark done
Event: 7.918 Executing VM operation: G1PauseCleanup
Event: 7.919 Executing VM operation: G1PauseCleanup done

Memory protections (20 events):
Event: 1.771 Protecting memory [0x0000000172f40000,0x0000000172f4c000] with protection modes 0
Event: 1.772 Protecting memory [0x000000017314c000,0x0000000173158000] with protection modes 0
Event: 1.772 Protecting memory [0x0000000173358000,0x0000000173364000] with protection modes 0
Event: 1.772 Protecting memory [0x0000000173564000,0x0000000173570000] with protection modes 0
Event: 1.772 Protecting memory [0x0000000173770000,0x000000017377c000] with protection modes 0
Event: 1.772 Protecting memory [0x000000017397c000,0x0000000173988000] with protection modes 0
Event: 1.775 Protecting memory [0x0000000173b88000,0x0000000173b94000] with protection modes 0
Event: 1.776 Protecting memory [0x0000000173d94000,0x0000000173da0000] with protection modes 0
Event: 1.785 Protecting memory [0x000000016d830000,0x000000016d83c000] with protection modes 3
Event: 1.785 Protecting memory [0x000000016d830000,0x000000016d83c000] with protection modes 0
Event: 2.095 Protecting memory [0x0000000173fa0000,0x0000000173fac000] with protection modes 0
Event: 2.102 Protecting memory [0x0000000173fa0000,0x0000000173fac000] with protection modes 3
Event: 2.103 Protecting memory [0x0000000173fa0000,0x0000000173fac000] with protection modes 0
Event: 2.105 Protecting memory [0x00000001741ac000,0x00000001741b8000] with protection modes 0
Event: 2.111 Protecting memory [0x00000001741ac000,0x00000001741b8000] with protection modes 3
Event: 2.112 Protecting memory [0x00000001741ac000,0x00000001741b8000] with protection modes 0
Event: 2.117 Protecting memory [0x00000001741ac000,0x00000001741b8000] with protection modes 3
Event: 6.611 Protecting memory [0x000000016cfa8000,0x000000016cfb4000] with protection modes 0
Event: 6.623 Protecting memory [0x00000001741ac000,0x00000001741b8000] with protection modes 0
Event: 8.646 Protecting memory [0x00000001743b8000,0x00000001743c4000] with protection modes 0

Nmethod flushes (20 events):
Event: 7.909 Thread 0x000000015a705070 flushing  nmethod 0x000000010dc78210
Event: 7.909 Thread 0x000000015a705070 flushing  nmethod 0x000000010dc78d10
Event: 7.909 Thread 0x000000015a705070 flushing  nmethod 0x000000010dc79110
Event: 7.909 Thread 0x000000015a705070 flushing  nmethod 0x000000010dc79690
Event: 7.909 Thread 0x000000015a705070 flushing  nmethod 0x000000010dc7a090
Event: 7.909 Thread 0x000000015a705070 flushing  nmethod 0x000000010dc7a490
Event: 7.909 Thread 0x000000015a705070 flushing  nmethod 0x000000010dc7a990
Event: 7.909 Thread 0x000000015a705070 flushing  nmethod 0x000000010dcfb590
Event: 7.909 Thread 0x000000015a705070 flushing  nmethod 0x000000010dd00a10
Event: 7.909 Thread 0x000000015a705070 flushing  nmethod 0x000000010dd13a90
Event: 7.909 Thread 0x000000015a705070 flushing  nmethod 0x000000010dd13e10
Event: 7.909 Thread 0x000000015a705070 flushing  nmethod 0x000000010dd28190
Event: 7.909 Thread 0x000000015a705070 flushing  nmethod 0x000000010dd28910
Event: 7.909 Thread 0x000000015a705070 flushing  nmethod 0x000000010dd28c10
Event: 7.909 Thread 0x000000015a705070 flushing  nmethod 0x000000010dd29310
Event: 7.909 Thread 0x000000015a705070 flushing  nmethod 0x000000010dd29610
Event: 7.909 Thread 0x000000015a705070 flushing  nmethod 0x000000010dd3d010
Event: 7.909 Thread 0x000000015a705070 flushing  nmethod 0x000000010dd3d510
Event: 7.909 Thread 0x000000015a705070 flushing  nmethod 0x000000010dd3e690
Event: 7.909 Thread 0x000000015a705070 flushing  nmethod 0x000000010dd3ea90

Events (20 events):
Event: 1.771 Thread 0x000000015b016800 Thread added: 0x000000015aae3c00
Event: 1.772 Thread 0x000000015b016800 Thread added: 0x000000015aae4400
Event: 1.772 Thread 0x000000015b016800 Thread added: 0x000000015aae4c00
Event: 1.772 Thread 0x000000015b016800 Thread added: 0x000000015aae5400
Event: 1.772 Thread 0x000000015b016800 Thread added: 0x000000015aae5c00
Event: 1.772 Thread 0x000000015b016800 Thread added: 0x000000015aaeac00
Event: 1.775 Thread 0x000000015b016800 Thread added: 0x000000015aae9000
Event: 1.776 Thread 0x000000015b016800 Thread added: 0x000000015aae9800
Event: 1.785 Thread 0x000000015b016800 Thread exited: 0x000000015b016800
Event: 1.785 Thread 0x000000015a80c600 Thread added: 0x000000015a80c600
Event: 2.095 Thread 0x000000015c08bc00 Thread added: 0x000000013a808800
Event: 2.102 Thread 0x000000013a808800 Thread exited: 0x000000013a808800
Event: 2.103 Thread 0x000000015b981c00 Thread added: 0x000000015aaea000
Event: 2.104 Thread 0x000000015aaea000 Thread added: 0x000000015aaf0000
Event: 2.111 Thread 0x000000015aaf0000 Thread exited: 0x000000015aaf0000
Event: 2.112 Thread 0x000000015aaea000 Thread added: 0x000000015b016800
Event: 2.117 Thread 0x000000015b016800 Thread exited: 0x000000015b016800
Event: 6.611 Thread 0x000000015aaeec00 Thread added: 0x000000015aaeec00
Event: 6.623 Thread 0x000000015b38a400 Thread added: 0x000000015b096600
Event: 8.646 Thread 0x000000015b38a400 Thread added: 0x000000015b3a7e00


Dynamic libraries:
0x00000001026a0000 	/Users/dohoainho/Library/Java/JavaVirtualMachines/ms-21.0.6/Contents/Home/lib/libjli.dylib
0x00000001a2bab000 	/System/Library/Frameworks/Cocoa.framework/Versions/A/Cocoa
0x0000000187f38000 	/System/Library/Frameworks/AppKit.framework/Versions/C/AppKit
0x000000018b5ac000 	/System/Library/Frameworks/CoreData.framework/Versions/A/CoreData
0x0000000185332000 	/System/Library/Frameworks/Foundation.framework/Versions/C/Foundation
0x000000019356f000 	/usr/lib/libSystem.B.dylib
0x0000000189665000 	/System/Library/PrivateFrameworks/UIFoundation.framework/Versions/A/UIFoundation
0x000000023d37d000 	/System/Library/PrivateFrameworks/CollectionViewCore.framework/Versions/A/CollectionViewCore
0x0000000190900000 	/System/Library/PrivateFrameworks/XCTTargetBootstrap.framework/Versions/A/XCTTargetBootstrap
0x0000000195fd8000 	/System/Library/PrivateFrameworks/InternationalSupport.framework/Versions/A/InternationalSupport
0x0000000196332000 	/System/Library/PrivateFrameworks/UserActivity.framework/Versions/A/UserActivity
0x000000018bc3c000 	/System/Library/PrivateFrameworks/BaseBoard.framework/Versions/A/BaseBoard
0x0000000245b4a000 	/System/Library/PrivateFrameworks/FrontBoard.framework/Versions/A/FrontBoard
0x000000019d9eb000 	/System/Library/PrivateFrameworks/FrontBoardServices.framework/Versions/A/FrontBoardServices
0x0000000281ae9000 	/usr/lib/libRosetta.dylib
0x000000027539e000 	/System/Library/PrivateFrameworks/UIIntelligenceSupport.framework/Versions/A/UIIntelligenceSupport
0x0000000232286000 	/System/Library/Frameworks/SwiftUICore.framework/Versions/A/SwiftUICore
0x000000027b952000 	/System/Library/PrivateFrameworks/WritingTools.framework/Versions/A/WritingTools
0x000000027a7a3000 	/System/Library/PrivateFrameworks/WindowManagement.framework/Versions/A/WindowManagement
0x0000000184f91000 	/System/Library/Frameworks/SystemConfiguration.framework/Versions/A/SystemConfiguration
0x000000019520a000 	/usr/lib/libspindump.dylib
0x0000000189820000 	/System/Library/Frameworks/UniformTypeIdentifiers.framework/Versions/A/UniformTypeIdentifiers
0x0000000192806000 	/usr/lib/libbsm.0.dylib
0x000000018e00a000 	/usr/lib/libapp_launch_measurement.dylib
0x000000018d2ff000 	/System/Library/PrivateFrameworks/CoreAnalytics.framework/Versions/A/CoreAnalytics
0x000000018e00e000 	/System/Library/PrivateFrameworks/CoreAutoLayout.framework/Versions/A/CoreAutoLayout
0x000000018fe4b000 	/System/Library/Frameworks/Metal.framework/Versions/A/Metal
0x0000000191253000 	/usr/lib/liblangid.dylib
0x0000000190906000 	/System/Library/PrivateFrameworks/CoreSVG.framework/Versions/A/CoreSVG
0x000000018a281000 	/System/Library/PrivateFrameworks/SkyLight.framework/Versions/A/SkyLight
0x0000000245883000 	/System/Library/PrivateFrameworks/FocusEngine.framework/Versions/A/FocusEngine
0x000000018a848000 	/System/Library/Frameworks/CoreGraphics.framework/Versions/A/CoreGraphics
0x000000024347e000 	/System/Library/PrivateFrameworks/DesignLibrary.framework/Versions/A/DesignLibrary
0x000000019bcb3000 	/System/Library/Frameworks/Accelerate.framework/Versions/A/Accelerate
0x0000000194fff000 	/System/Library/PrivateFrameworks/IconServices.framework/Versions/A/IconServices
0x000000018fe23000 	/System/Library/Frameworks/IOSurface.framework/Versions/A/IOSurface
0x000000018d32f000 	/usr/lib/libDiagnosticMessagesClient.dylib
0x00000001934b8000 	/usr/lib/libz.1.dylib
0x000000019ffdb000 	/System/Library/Frameworks/ApplicationServices.framework/Versions/A/ApplicationServices
0x00000001908eb000 	/System/Library/PrivateFrameworks/DFRFoundation.framework/Versions/A/DFRFoundation
0x0000000187787000 	/usr/lib/libicucore.A.dylib
0x000000019756f000 	/System/Library/Frameworks/AudioToolbox.framework/Versions/A/AudioToolbox
0x00000001962e0000 	/System/Library/PrivateFrameworks/DataDetectorsCore.framework/Versions/A/DataDetectorsCore
0x0000000275fb1000 	/System/Library/PrivateFrameworks/UpdateCycle.framework/Versions/A/UpdateCycle
0x00000001b41d6000 	/System/Library/PrivateFrameworks/TextInput.framework/Versions/A/TextInput
0x000000018a1c3000 	/usr/lib/libMobileGestalt.dylib
0x00000001905e7000 	/System/Library/Frameworks/Carbon.framework/Versions/A/Frameworks/HIToolbox.framework/Versions/A/HIToolbox
0x000000018d864000 	/System/Library/Frameworks/QuartzCore.framework/Versions/A/QuartzCore
0x0000000187362000 	/System/Library/Frameworks/Security.framework/Versions/A/Security
0x000000019b632000 	/System/Library/Frameworks/Carbon.framework/Versions/A/Frameworks/SpeechRecognition.framework/Versions/A/SpeechRecognition
0x000000018dcd9000 	/System/Library/PrivateFrameworks/CoreUI.framework/Versions/A/CoreUI
0x0000000186bb0000 	/System/Library/Frameworks/CoreAudio.framework/Versions/A/CoreAudio
0x000000018d423000 	/System/Library/Frameworks/DiskArbitration.framework/Versions/A/DiskArbitration
0x00000001957b2000 	/System/Library/PrivateFrameworks/MultitouchSupport.framework/Versions/A/MultitouchSupport
0x000000018a1c1000 	/usr/lib/libenergytrace.dylib
0x00000001a76ba000 	/System/Library/PrivateFrameworks/RenderBox.framework/Versions/A/RenderBox
0x0000000187ddf000 	/System/Library/Frameworks/IOKit.framework/Versions/A/IOKit
0x000000019ba3c000 	/System/Library/Frameworks/CoreServices.framework/Versions/A/CoreServices
0x000000018df9b000 	/System/Library/PrivateFrameworks/PerformanceAnalysis.framework/Versions/A/PerformanceAnalysis
0x0000000227c70000 	/System/Library/Frameworks/OpenGL.framework/Versions/A/OpenGL
0x000000018e058000 	/usr/lib/libxml2.2.dylib
0x00000001926e7000 	/System/Library/PrivateFrameworks/MobileKeyBag.framework/Versions/A/MobileKeyBag
0x0000000183648000 	/usr/lib/libobjc.A.dylib
0x00000001839ae000 	/usr/lib/libc++.1.dylib
0x000000019b9b9000 	/System/Library/Frameworks/Accessibility.framework/Versions/A/Accessibility
0x000000018afa2000 	/System/Library/Frameworks/ColorSync.framework/Versions/A/ColorSync
0x0000000183adf000 	/System/Library/Frameworks/CoreFoundation.framework/Versions/A/CoreFoundation
0x0000000190c93000 	/System/Library/Frameworks/CoreImage.framework/Versions/A/CoreImage
0x0000000186983000 	/System/Library/Frameworks/CoreText.framework/Versions/A/CoreText
0x000000022957a000 	/System/Library/Frameworks/CoreTransferable.framework/Versions/A/CoreTransferable
0x0000000229ab6000 	/System/Library/Frameworks/DataDetection.framework/Versions/A/DataDetection
0x0000000229acb000 	/System/Library/Frameworks/DeveloperToolsSupport.framework/Versions/A/DeveloperToolsSupport
0x0000000190944000 	/System/Library/Frameworks/ImageIO.framework/Versions/A/ImageIO
0x00000002331fb000 	/System/Library/Frameworks/Symbols.framework/Versions/A/Symbols
0x00000001b93fb000 	/System/Library/PrivateFrameworks/AttributeGraph.framework/Versions/A/AttributeGraph
0x000000019daca000 	/System/Library/PrivateFrameworks/BoardServices.framework/Versions/A/BoardServices
0x00000001ddbba000 	/System/Library/PrivateFrameworks/FeatureFlags.framework/Versions/A/FeatureFlags
0x000000024eac3000 	/System/Library/PrivateFrameworks/Gestures.framework/Versions/A/Gestures
0x0000000193574000 	/System/Library/PrivateFrameworks/SoftLinking.framework/Versions/A/SoftLinking
0x00000001c7c9f000 	/usr/lib/swift/libswiftAccelerate.dylib
0x00000001be116000 	/usr/lib/swift/libswiftCompression.dylib
0x0000000196ed7000 	/usr/lib/swift/libswiftCore.dylib
0x00000001b04a7000 	/usr/lib/swift/libswiftCoreFoundation.dylib
0x00000001b0500000 	/usr/lib/swift/libswiftCoreImage.dylib
0x000000019d766000 	/usr/lib/swift/libswiftDispatch.dylib
0x00000001b0501000 	/usr/lib/swift/libswiftIOKit.dylib
0x00000001be109000 	/usr/lib/swift/libswiftMetal.dylib
0x00000001cd48e000 	/usr/lib/swift/libswiftOSLog.dylib
0x00000001a062c000 	/usr/lib/swift/libswiftObjectiveC.dylib
0x0000000282d2a000 	/usr/lib/swift/libswiftObservation.dylib
0x00000001c3422000 	/usr/lib/swift/libswiftQuartzCore.dylib
0x0000000282e69000 	/usr/lib/swift/libswiftSynchronization.dylib
0x00000001c7c90000 	/usr/lib/swift/libswiftUniformTypeIdentifiers.dylib
0x00000001b04b9000 	/usr/lib/swift/libswiftXPC.dylib
0x0000000282ea3000 	/usr/lib/swift/libswift_Builtin_float.dylib
0x0000000282ea6000 	/usr/lib/swift/libswift_Concurrency.dylib
0x00000001a0630000 	/usr/lib/swift/libswiftos.dylib
0x00000001b3f66000 	/usr/lib/swift/libswiftsimd.dylib
0x000000019379b000 	/usr/lib/libcompression.dylib
0x0000000195f38000 	/System/Library/PrivateFrameworks/TextureIO.framework/Versions/A/TextureIO
0x000000018b14e000 	/System/Library/Frameworks/ApplicationServices.framework/Versions/A/Frameworks/HIServices.framework/Versions/A/HIServices
0x0000000194c88000 	/usr/lib/libate.dylib
0x0000000193569000 	/usr/lib/system/libcache.dylib
0x0000000193524000 	/usr/lib/system/libcommonCrypto.dylib
0x000000019354f000 	/usr/lib/system/libcompiler_rt.dylib
0x0000000193544000 	/usr/lib/system/libcopyfile.dylib
0x00000001837e8000 	/usr/lib/system/libcorecrypto.dylib
0x00000001838e1000 	/usr/lib/system/libdispatch.dylib
0x000000018369c000 	/usr/lib/system/libdyld.dylib
0x000000019355f000 	/usr/lib/system/libkeymgr.dylib
0x0000000193507000 	/usr/lib/system/libmacho.dylib
0x00000001927de000 	/usr/lib/system/libquarantine.dylib
0x000000019355c000 	/usr/lib/system/libremovefile.dylib
0x000000018a244000 	/usr/lib/system/libsystem_asl.dylib
0x000000018376d000 	/usr/lib/system/libsystem_blocks.dylib
0x000000018392b000 	/usr/lib/system/libsystem_c.dylib
0x0000000193553000 	/usr/lib/system/libsystem_collections.dylib
0x0000000191240000 	/usr/lib/system/libsystem_configuration.dylib
0x000000018fdea000 	/usr/lib/system/libsystem_containermanager.dylib
0x0000000192f6e000 	/usr/lib/system/libsystem_coreservices.dylib
0x0000000187a59000 	/usr/lib/system/libsystem_darwin.dylib
0x00000002831f9000 	/usr/lib/system/libsystem_darwindirectory.dylib
0x0000000193560000 	/usr/lib/system/libsystem_dnssd.dylib
0x00000002831fd000 	/usr/lib/system/libsystem_eligibility.dylib
0x0000000183928000 	/usr/lib/system/libsystem_featureflags.dylib
0x0000000183aaf000 	/usr/lib/system/libsystem_info.dylib
0x00000001934c8000 	/usr/lib/system/libsystem_m.dylib
0x0000000183895000 	/usr/lib/system/libsystem_malloc.dylib
0x000000018a1a6000 	/usr/lib/system/libsystem_networkextension.dylib
0x0000000187eca000 	/usr/lib/system/libsystem_notify.dylib
0x0000000191245000 	/usr/lib/system/libsystem_sandbox.dylib
0x0000000283207000 	/usr/lib/system/libsystem_sanitizers.dylib
0x0000000193558000 	/usr/lib/system/libsystem_secinit.dylib
0x0000000183a5c000 	/usr/lib/system/libsystem_kernel.dylib
0x0000000183aa6000 	/usr/lib/system/libsystem_platform.dylib
0x0000000183a99000 	/usr/lib/system/libsystem_pthread.dylib
0x000000018be20000 	/usr/lib/system/libsystem_symptoms.dylib
0x00000001837c7000 	/usr/lib/system/libsystem_trace.dylib
0x000000028320f000 	/usr/lib/system/libsystem_trial.dylib
0x0000000193532000 	/usr/lib/system/libunwind.dylib
0x0000000183771000 	/usr/lib/system/libxpc.dylib
0x0000000183a41000 	/usr/lib/libc++abi.dylib
0x0000000282a3a000 	/usr/lib/libswiftPrespecialized.dylib
0x0000000193571000 	/usr/lib/libfakelink.dylib
0x0000000189dea000 	/System/Library/Frameworks/CFNetwork.framework/Versions/A/CFNetwork
0x00000001935c5000 	/usr/lib/libarchive.2.dylib
0x0000000199747000 	/System/Library/Frameworks/Combine.framework/Versions/A/Combine
0x000000023d3a2000 	/System/Library/PrivateFrameworks/CollectionsInternal.framework/Versions/A/CollectionsInternal
0x0000000264521000 	/System/Library/PrivateFrameworks/ReflectionInternal.framework/Versions/A/ReflectionInternal
0x00000002653ad000 	/System/Library/PrivateFrameworks/RuntimeInternal.framework/Versions/A/RuntimeInternal
0x00000001ad34e000 	/usr/lib/swift/libswiftDarwin.dylib
0x0000000282e71000 	/usr/lib/swift/libswiftSystem.dylib
0x0000000282f30000 	/usr/lib/swift/libswift_DarwinFoundation1.dylib
0x0000000283011000 	/usr/lib/swift/libswift_StringProcessing.dylib
0x0000000187d5e000 	/System/Library/PrivateFrameworks/CoreServicesInternal.framework/Versions/A/CoreServicesInternal
0x000000019353c000 	/usr/lib/liboah.dylib
0x000000019fa79000 	/System/Library/PrivateFrameworks/DiskImages.framework/Versions/A/DiskImages
0x00000001ace10000 	/System/Library/Frameworks/NetFS.framework/Versions/A/NetFS
0x000000018dfd2000 	/System/Library/Frameworks/CoreServices.framework/Versions/A/Frameworks/FSEvents.framework/Versions/A/FSEvents
0x0000000187a64000 	/System/Library/Frameworks/CoreServices.framework/Versions/A/Frameworks/CarbonCore.framework/Versions/A/CarbonCore
0x000000018d397000 	/System/Library/Frameworks/CoreServices.framework/Versions/A/Frameworks/Metadata.framework/Versions/A/Metadata
0x0000000192f76000 	/System/Library/Frameworks/CoreServices.framework/Versions/A/Frameworks/OSServices.framework/Versions/A/OSServices
0x00000001936bd000 	/System/Library/Frameworks/CoreServices.framework/Versions/A/Frameworks/SearchKit.framework/Versions/A/SearchKit
0x000000018bd99000 	/System/Library/Frameworks/CoreServices.framework/Versions/A/Frameworks/AE.framework/Versions/A/AE
0x0000000184029000 	/System/Library/Frameworks/CoreServices.framework/Versions/A/Frameworks/LaunchServices.framework/Versions/A/LaunchServices
0x0000000194ade000 	/System/Library/Frameworks/CoreServices.framework/Versions/A/Frameworks/DictionaryServices.framework/Versions/A/DictionaryServices
0x000000018dfe0000 	/System/Library/Frameworks/CoreServices.framework/Versions/A/Frameworks/SharedFileList.framework/Versions/A/SharedFileList
0x0000000193752000 	/usr/lib/libapple_nghttp2.dylib
0x000000018b9b3000 	/usr/lib/libsqlite3.dylib
0x000000019fcc1000 	/System/Library/PrivateFrameworks/AppSupport.framework/Versions/A/AppSupport
0x0000000197c09000 	/System/Library/Frameworks/GSS.framework/Versions/A/GSS
0x000000018bd2d000 	/System/Library/PrivateFrameworks/RunningBoardServices.framework/Versions/A/RunningBoardServices
0x00000001a05ba000 	/System/Library/PrivateFrameworks/StreamingZip.framework/Versions/A/StreamingZip
0x000000018be29000 	/System/Library/Frameworks/Network.framework/Versions/A/Network
0x000000019350b000 	/usr/lib/system/libkxld.dylib
0x0000000238c03000 	/System/Library/PrivateFrameworks/AppleKeyStore.framework/Versions/A/AppleKeyStore
0x00000002817cc000 	/usr/lib/libCoreEntitlements.dylib
0x000000025a3f3000 	/System/Library/PrivateFrameworks/MessageSecurity.framework/Versions/A/MessageSecurity
0x000000018b997000 	/System/Library/PrivateFrameworks/ProtocolBuffer.framework/Versions/A/ProtocolBuffer
0x000000019cb67000 	/System/Library/PrivateFrameworks/SymptomDiagnosticReporter.framework/Versions/A/SymptomDiagnosticReporter
0x0000000194d22000 	/System/Library/PrivateFrameworks/CrashReporterSupport.framework/Versions/A/CrashReporterSupport
0x0000000192f55000 	/System/Library/PrivateFrameworks/AppleFSCompression.framework/Versions/A/AppleFSCompression
0x00000001927ee000 	/usr/lib/libcoretls.dylib
0x0000000194b55000 	/usr/lib/libcoretls_cfhelpers.dylib
0x0000000193794000 	/usr/lib/libpam.2.dylib
0x0000000194bc7000 	/usr/lib/libxar.1.dylib
0x0000000194b57000 	/System/Library/PrivateFrameworks/APFS.framework/Versions/A/APFS
0x000000026fe59000 	/System/Library/PrivateFrameworks/SwiftASN1Internal.framework/Versions/A/SwiftASN1Internal
0x0000000194bd6000 	/usr/lib/libutil.dylib
0x000000019124e000 	/System/Library/PrivateFrameworks/AppleSystemInfo.framework/Versions/A/AppleSystemInfo
0x00000001924d6000 	/System/Library/PrivateFrameworks/IOMobileFramebuffer.framework/Versions/A/IOMobileFramebuffer
0x00000001b036d000 	/System/Library/PrivateFrameworks/LoggingSupport.framework/Versions/A/LoggingSupport
0x0000000197c6c000 	/System/Library/PrivateFrameworks/MobileAsset.framework/Versions/A/MobileAsset
0x000000019cb77000 	/System/Library/PrivateFrameworks/PowerLog.framework/Versions/A/PowerLog
0x0000000232118000 	/System/Library/Frameworks/SwiftData.framework/Versions/A/SwiftData
0x000000018e205000 	/System/Library/PrivateFrameworks/UserManagement.framework/Versions/A/UserManagement
0x0000000189d15000 	/usr/lib/libboringssl.dylib
0x000000018be0e000 	/usr/lib/libdns_services.dylib
0x00000001af3a4000 	/usr/lib/libquic.dylib
0x0000000196e67000 	/usr/lib/libusrtcp.dylib
0x00000002399f5000 	/System/Library/PrivateFrameworks/AtomicsInternal.framework/Versions/A/AtomicsInternal
0x00000001d5d1a000 	/System/Library/PrivateFrameworks/InternalSwiftProtobuf.framework/Versions/A/InternalSwiftProtobuf
0x0000000282d01000 	/usr/lib/swift/libswiftDistributed.dylib
0x000000019124c000 	/System/Library/PrivateFrameworks/AggregateDictionary.framework/Versions/A/AggregateDictionary
0x000000023a188000 	/System/Library/PrivateFrameworks/BiomeLibrary.framework/Versions/A/BiomeLibrary
0x00000001bf129000 	/System/Library/PrivateFrameworks/BiomeStreams.framework/Versions/A/BiomeStreams
0x00000001bb2f4000 	/System/Library/PrivateFrameworks/BiomeFoundation.framework/Versions/A/BiomeFoundation
0x00000001c51ea000 	/System/Library/PrivateFrameworks/BiomePubSub.framework/Versions/A/BiomePubSub
0x00000001a15e6000 	/System/Library/PrivateFrameworks/ProactiveSupport.framework/Versions/A/ProactiveSupport
0x0000000194b36000 	/usr/lib/liblzma.5.dylib
0x000000019ffdc000 	/System/Library/PrivateFrameworks/InternationalTextSearch.framework/Versions/A/InternationalTextSearch
0x00000001b77f8000 	/System/Library/PrivateFrameworks/SoftwareUpdateCoreSupport.framework/Versions/A/SoftwareUpdateCoreSupport
0x00000001bfbad000 	/System/Library/PrivateFrameworks/SoftwareUpdateCoreConnect.framework/Versions/A/SoftwareUpdateCoreConnect
0x000000019fb77000 	/System/Library/PrivateFrameworks/RemoteServiceDiscovery.framework/Versions/A/RemoteServiceDiscovery
0x00000001b73ef000 	/System/Library/PrivateFrameworks/MSUDataAccessor.framework/Versions/A/MSUDataAccessor
0x00000001b24c9000 	/usr/lib/libbootpolicy.dylib
0x000000019fb8e000 	/System/Library/PrivateFrameworks/RemoteXPC.framework/Versions/A/RemoteXPC
0x00000001beff5000 	/usr/lib/libFDR.dylib
0x00000001c4e0b000 	/usr/lib/libamsupport.dylib
0x0000000281ae1000 	/usr/lib/libReverseProxyDevice.dylib
0x000000023852c000 	/System/Library/PrivateFrameworks/AppleDeviceQuerySupport.framework/Versions/A/AppleDeviceQuerySupport
0x00000001c7e9f000 	/usr/lib/libpartition2_dynamic.dylib
0x000000019372e000 	/System/Library/PrivateFrameworks/AppleSauce.framework/Versions/A/AppleSauce
0x000000028166d000 	/usr/lib/libAppleArchive.dylib
0x0000000192f61000 	/usr/lib/libbz2.1.0.dylib
0x000000018d42d000 	/System/Library/Frameworks/Accelerate.framework/Versions/A/Frameworks/vImage.framework/Versions/A/vImage
0x000000019ba16000 	/System/Library/Frameworks/Accelerate.framework/Versions/A/Frameworks/vecLib.framework/Versions/A/vecLib
0x0000000194c0d000 	/System/Library/Frameworks/Accelerate.framework/Versions/A/Frameworks/vecLib.framework/Versions/A/libvMisc.dylib
0x0000000184529000 	/System/Library/Frameworks/Accelerate.framework/Versions/A/Frameworks/vecLib.framework/Versions/A/libBLAS.dylib
0x000000018e13f000 	/System/Library/Frameworks/CoreVideo.framework/Versions/A/CoreVideo
0x0000000197810000 	/System/Library/Frameworks/ApplicationServices.framework/Versions/A/Frameworks/ATS.framework/Versions/A/ATS
0x0000000195ec1000 	/System/Library/Frameworks/ApplicationServices.framework/Versions/A/Frameworks/PrintCore.framework/Versions/A/PrintCore
0x0000000197bd2000 	/System/Library/Frameworks/ApplicationServices.framework/Versions/A/Frameworks/QD.framework/Versions/A/QD
0x0000000197bcd000 	/System/Library/Frameworks/ApplicationServices.framework/Versions/A/Frameworks/ColorSyncLegacy.framework/Versions/A/ColorSyncLegacy
0x00000001977e2000 	/System/Library/Frameworks/ApplicationServices.framework/Versions/A/Frameworks/SpeechSynthesis.framework/Versions/A/SpeechSynthesis
0x0000000190315000 	/System/Library/PrivateFrameworks/FontServices.framework/libFontParser.dylib
0x000000019f89d000 	/System/Library/PrivateFrameworks/BackBoardServices.framework/Versions/A/BackBoardServices
0x000000023a0a1000 	/System/Library/PrivateFrameworks/BackBoardHIDEventFoundation.framework/Versions/A/BackBoardHIDEventFoundation
0x0000000186494000 	/System/Library/Frameworks/CoreDisplay.framework/Versions/A/CoreDisplay
0x00000001957f8000 	/System/Library/Frameworks/VideoToolbox.framework/Versions/A/VideoToolbox
0x0000000193792000 	/System/Library/Frameworks/MetalPerformanceShaders.framework/Versions/A/MetalPerformanceShaders
0x000000026358d000 	/System/Library/PrivateFrameworks/ProDisplayLibrary.framework/Versions/A/ProDisplayLibrary
0x00000001a367d000 	/System/Library/PrivateFrameworks/IOSurfaceAccelerator.framework/Versions/A/IOSurfaceAccelerator
0x000000018fe40000 	/System/Library/PrivateFrameworks/IOAccelerator.framework/Versions/A/IOAccelerator
0x0000000190158000 	/System/Library/Frameworks/CoreMedia.framework/Versions/A/CoreMedia
0x000000018a25c000 	/System/Library/PrivateFrameworks/TCC.framework/Versions/A/TCC
0x00000001957b0000 	/System/Library/PrivateFrameworks/WatchdogClient.framework/Versions/A/WatchdogClient
0x00000001b0487000 	/usr/lib/swift/libswiftCoreAudio.dylib
0x00000001cbce7000 	/usr/lib/swift/libswiftCoreMedia.dylib
0x0000000282e8b000 	/usr/lib/swift/libswiftVideoToolbox.dylib
0x00000001c5248000 	/System/Library/PrivateFrameworks/BiomeStorage.framework/Versions/A/BiomeStorage
0x0000000254a53000 	/System/Library/PrivateFrameworks/IntelligencePlatformLibrary.framework/Versions/A/IntelligencePlatformLibrary
0x000000026288c000 	/System/Library/PrivateFrameworks/PoirotSchematizer.framework/Versions/A/PoirotSchematizer
0x000000023a9d0000 	/System/Library/PrivateFrameworks/BiomeSync.framework/Versions/A/BiomeSync
0x000000023a16e000 	/System/Library/PrivateFrameworks/BiomeDSL.framework/Versions/A/BiomeDSL
0x00000002628f6000 	/System/Library/PrivateFrameworks/PoirotUDFs.framework/Versions/A/PoirotUDFs
0x000000026285b000 	/System/Library/PrivateFrameworks/PoirotSQLite.framework/Versions/A/PoirotSQLite
0x000000019dfe7000 	/System/Library/PrivateFrameworks/CoreTime.framework/Versions/A/CoreTime
0x00000001935aa000 	/usr/lib/libiconv.2.dylib
0x0000000193506000 	/usr/lib/libcharset.1.dylib
0x0000000282f71000 	/usr/lib/swift/libswift_RegexParser.dylib
0x000000023bfe1000 	/System/Library/PrivateFrameworks/CascadeSets.framework/Versions/A/CascadeSets
0x0000000197ddc000 	/System/Library/PrivateFrameworks/CorePhoneNumbers.framework/Versions/A/CorePhoneNumbers
0x0000000195598000 	/System/Library/PrivateFrameworks/AppleJPEG.framework/Versions/A/AppleJPEG
0x0000000194f7a000 	/usr/lib/libexpat.1.dylib
0x0000000195d94000 	/System/Library/Frameworks/ImageIO.framework/Versions/A/Resources/libPng.dylib
0x0000000195dc0000 	/System/Library/Frameworks/ImageIO.framework/Versions/A/Resources/libTIFF.dylib
0x0000000195eaa000 	/System/Library/Frameworks/ImageIO.framework/Versions/A/Resources/libGIF.dylib
0x00000001955dd000 	/System/Library/Frameworks/ImageIO.framework/Versions/A/Resources/libJP2.dylib
0x0000000195e50000 	/System/Library/Frameworks/ImageIO.framework/Versions/A/Resources/libJPEG.dylib
0x0000000195e47000 	/System/Library/Frameworks/ImageIO.framework/Versions/A/Resources/libRadiance.dylib
0x000000024b231000 	/System/Library/PrivateFrameworks/GPUCompiler.framework/Versions/32023/Libraries/libllvm-flatbuffers.dylib
0x0000000245b3d000 	/System/Library/PrivateFrameworks/FramePacing.framework/Versions/A/FramePacing
0x0000000227c62000 	/System/Library/Frameworks/OpenGL.framework/Versions/A/Libraries/libCoreFSCache.dylib
0x0000000246c7e000 	/System/Library/PrivateFrameworks/GPUCompiler.framework/Versions/32023/Libraries/libGPUCompilerUtils.dylib
0x000000019db97000 	/System/Library/PrivateFrameworks/GraphicsServices.framework/Versions/A/GraphicsServices
0x00000001a1772000 	/System/Library/PrivateFrameworks/ASEProcessing.framework/Versions/A/ASEProcessing
0x00000001d14e9000 	/System/Library/PrivateFrameworks/Symbolication.framework/Versions/A/Symbolication
0x0000000262478000 	/System/Library/PrivateFrameworks/PhotosensitivityProcessing.framework/Versions/A/PhotosensitivityProcessing
0x00000002655e6000 	/System/Library/PrivateFrameworks/SILManager.framework/Versions/A/SILManager
0x00000001951ac000 	/System/Library/PrivateFrameworks/GraphVisualizer.framework/Versions/A/GraphVisualizer
0x0000000227cc1000 	/System/Library/Frameworks/OpenGL.framework/Versions/A/Libraries/libGLU.dylib
0x0000000227c84000 	/System/Library/Frameworks/OpenGL.framework/Versions/A/Libraries/libGFXShared.dylib
0x0000000227e50000 	/System/Library/Frameworks/OpenGL.framework/Versions/A/Libraries/libGL.dylib
0x0000000227c8d000 	/System/Library/Frameworks/OpenGL.framework/Versions/A/Libraries/libGLImage.dylib
0x0000000227c81000 	/System/Library/Frameworks/OpenGL.framework/Versions/A/Libraries/libCVMSPluginSupport.dylib
0x0000000227c6a000 	/System/Library/Frameworks/OpenGL.framework/Versions/A/Libraries/libCoreVMClient.dylib
0x0000000245a48000 	/System/Library/PrivateFrameworks/FontServices.framework/Versions/A/FontServices
0x00000001951bc000 	/System/Library/PrivateFrameworks/OTSVG.framework/Versions/A/OTSVG
0x000000018dc86000 	/System/Library/Frameworks/ApplicationServices.framework/Versions/A/Frameworks/ATS.framework/Versions/A/Resources/libFontRegistry.dylib
0x0000000281ff1000 	/usr/lib/libhvf.dylib
0x000000025f2b0000 	/System/Library/PrivateFrameworks/ParsingInternal.framework/Versions/A/ParsingInternal
0x0000000245a4c000 	/System/Library/PrivateFrameworks/FontServices.framework/libXTFontStaticRegistryData.dylib
0x000000019118b000 	/System/Library/Frameworks/MetalPerformanceShaders.framework/Versions/A/Frameworks/MPSCore.framework/Versions/A/MPSCore
0x0000000192ec0000 	/System/Library/Frameworks/MetalPerformanceShaders.framework/Versions/A/Frameworks/MPSImage.framework/Versions/A/MPSImage
0x0000000192891000 	/System/Library/Frameworks/MetalPerformanceShaders.framework/Versions/A/Frameworks/MPSNeuralNetwork.framework/Versions/A/MPSNeuralNetwork
0x0000000192cc9000 	/System/Library/Frameworks/MetalPerformanceShaders.framework/Versions/A/Frameworks/MPSMatrix.framework/Versions/A/MPSMatrix
0x0000000192ade000 	/System/Library/Frameworks/MetalPerformanceShaders.framework/Versions/A/Frameworks/MPSRayIntersector.framework/Versions/A/MPSRayIntersector
0x0000000192cfb000 	/System/Library/Frameworks/MetalPerformanceShaders.framework/Versions/A/Frameworks/MPSNDArray.framework/Versions/A/MPSNDArray
0x000000022bdf9000 	/System/Library/Frameworks/MetalPerformanceShaders.framework/Versions/A/Frameworks/MPSFunctions.framework/Versions/A/MPSFunctions
0x000000022bdda000 	/System/Library/Frameworks/MetalPerformanceShaders.framework/Versions/A/Frameworks/MPSBenchmarkLoop.framework/Versions/A/MPSBenchmarkLoop
0x000000022be0e000 	/System/Library/Frameworks/MetalPerformanceShaders.framework/Versions/A/Frameworks/MPSHost.framework/Versions/A/MPSHost
0x0000000184345000 	/System/Library/PrivateFrameworks/MetalTools.framework/Versions/A/MetalTools
0x00000001b5612000 	/System/Library/PrivateFrameworks/IOAccelMemoryInfo.framework/Versions/A/IOAccelMemoryInfo
0x00000001c3818000 	/System/Library/PrivateFrameworks/kperf.framework/Versions/A/kperf
0x00000001b0483000 	/System/Library/PrivateFrameworks/GPURawCounter.framework/Versions/A/GPURawCounter
0x000000019ded0000 	/System/Library/PrivateFrameworks/CoreSymbolication.framework/Versions/A/CoreSymbolication
0x00000001b03fa000 	/System/Library/PrivateFrameworks/MallocStackLogging.framework/Versions/A/MallocStackLogging
0x000000019dead000 	/System/Library/PrivateFrameworks/DebugSymbols.framework/Versions/A/DebugSymbols
0x00000001c207e000 	/System/Library/PrivateFrameworks/OSAnalytics.framework/Versions/A/OSAnalytics
0x0000000243935000 	/System/Library/PrivateFrameworks/DeviceRecovery.framework/Versions/A/DeviceRecovery
0x0000000229c10000 	/System/Library/Frameworks/ExtensionFoundation.framework/Versions/A/ExtensionFoundation
0x00000001951fd000 	/System/Library/PrivateFrameworks/AppServerSupport.framework/Versions/A/AppServerSupport
0x000000022af78000 	/System/Library/Frameworks/LightweightCodeRequirements.framework/Versions/A/LightweightCodeRequirements
0x0000000194e79000 	/System/Library/PrivateFrameworks/PlugInKit.framework/Versions/A/PlugInKit
0x00000001926ff000 	/System/Library/PrivateFrameworks/AssertionServices.framework/Versions/A/AssertionServices
0x0000000194f9f000 	/System/Library/PrivateFrameworks/IconFoundation.framework/Versions/A/IconFoundation
0x0000000251955000 	/System/Library/PrivateFrameworks/IconRendering.framework/Versions/A/IconRendering
0x000000026555e000 	/System/Library/PrivateFrameworks/SFSymbols.framework/Versions/A/SFSymbols
0x00000001865b8000 	/System/Library/PrivateFrameworks/AudioToolboxCore.framework/Versions/A/AudioToolboxCore
0x000000019774a000 	/System/Library/PrivateFrameworks/AudioSession.framework/Versions/A/AudioSession
0x00000001a29be000 	/System/Library/Frameworks/CoreMIDI.framework/Versions/A/CoreMIDI
0x00000001977c9000 	/usr/lib/libAudioStatistics.dylib
0x000000019012f000 	/System/Library/PrivateFrameworks/caulk.framework/Versions/A/caulk
0x0000000195d6e000 	/usr/lib/libAudioToolboxUtility.dylib
0x00000001b6c38000 	/usr/lib/swift/libswiftCoreMIDI.dylib
0x0000000197bdb000 	/System/Library/PrivateFrameworks/perfdata.framework/Versions/A/perfdata
0x00000001af4a1000 	/System/Library/PrivateFrameworks/SystemPolicy.framework/Versions/A/SystemPolicy
0x0000000197a80000 	/usr/lib/libSMC.dylib
0x0000000197be9000 	/usr/lib/libperfcheck.dylib
0x0000000239ab5000 	/System/Library/PrivateFrameworks/AudioAnalytics.framework/Versions/A/AudioAnalytics
0x0000000282f34000 	/usr/lib/swift/libswift_DarwinFoundation2.dylib
0x0000000282f35000 	/usr/lib/swift/libswift_DarwinFoundation3.dylib
0x00000001d5a17000 	/System/Library/Frameworks/OSLog.framework/Versions/A/OSLog
0x00000001b042c000 	/usr/lib/libmis.dylib
0x00000001950bd000 	/System/Library/PrivateFrameworks/MediaExperience.framework/Versions/A/MediaExperience
0x0000000197518000 	/System/Library/PrivateFrameworks/AudioSession.framework/libSessionUtility.dylib
0x0000000195eb0000 	/System/Library/PrivateFrameworks/CMCaptureCore.framework/Versions/A/CMCaptureCore
0x000000019ca61000 	/System/Library/Frameworks/CoreBluetooth.framework/Versions/A/CoreBluetooth
0x000000019256b000 	/System/Library/PrivateFrameworks/CoreUtils.framework/Versions/A/CoreUtils
0x00000001a83e1000 	/System/Library/PrivateFrameworks/HID.framework/Versions/A/HID
0x0000000242d32000 	/System/Library/PrivateFrameworks/CoreUtilsExtras.framework/Versions/A/CoreUtilsExtras
0x00000002518aa000 	/System/Library/PrivateFrameworks/IO80211.framework/Versions/A/IO80211
0x000000019949a000 	/System/Library/Frameworks/IOBluetooth.framework/Versions/A/IOBluetooth
0x00000002396a3000 	/System/Library/PrivateFrameworks/ArgumentParserInternal.framework/Versions/A/ArgumentParserInternal
0x0000000194d19000 	/usr/lib/libIOReport.dylib
0x000000019270e000 	/System/Library/Frameworks/SecurityFoundation.framework/Versions/A/SecurityFoundation
0x0000000184d09000 	/System/Library/PrivateFrameworks/Lexicon.framework/Versions/A/Lexicon
0x0000000192879000 	/usr/lib/libgermantok.dylib
0x0000000191377000 	/System/Library/PrivateFrameworks/LinguisticData.framework/Versions/A/LinguisticData
0x000000019cc69000 	/System/Library/PrivateFrameworks/MediaKit.framework/Versions/A/MediaKit
0x000000019cbb4000 	/System/Library/Frameworks/DiscRecording.framework/Versions/A/DiscRecording
0x0000000194f95000 	/usr/lib/libheimdal-asn1.dylib
0x00000001a0590000 	/System/Library/Frameworks/AudioUnit.framework/Versions/A/AudioUnit
0x000000018dfa5000 	/System/Library/Frameworks/OpenDirectory.framework/Versions/A/OpenDirectory
0x000000018dfb3000 	/System/Library/Frameworks/OpenDirectory.framework/Versions/A/Frameworks/CFOpenDirectory.framework/Versions/A/CFOpenDirectory
0x00000002281d4000 	/System/Library/Frameworks/AVFAudio.framework/Versions/A/AVFAudio
0x00000001a93b2000 	/usr/lib/libAccessibility.dylib
0x00000002555fa000 	/System/Library/PrivateFrameworks/IsolatedCoreAudioClient.framework/Versions/A/IsolatedCoreAudioClient
0x0000000273434000 	/System/Library/PrivateFrameworks/Tightbeam.framework/Versions/A/Tightbeam
0x000000023ec30000 	/System/Library/PrivateFrameworks/CoreAudioOrchestration.framework/Versions/A/CoreAudioOrchestration
0x00000001c83f2000 	/System/Library/PrivateFrameworks/AFKUser.framework/Versions/A/AFKUser
0x000000019bd03000 	/System/Library/Frameworks/MediaAccessibility.framework/Versions/A/MediaAccessibility
0x0000000277653000 	/System/Library/PrivateFrameworks/VideoToolboxParavirtualizationSupport.framework/Versions/A/VideoToolboxParavirtualizationSupport
0x0000000194f31000 	/System/Library/PrivateFrameworks/AppleVA.framework/Versions/A/AppleVA
0x0000000195e42000 	/System/Library/PrivateFrameworks/GPUWrangler.framework/Versions/A/GPUWrangler
0x0000000195e22000 	/System/Library/PrivateFrameworks/IOPresentment.framework/Versions/A/IOPresentment
0x0000000195e4a000 	/System/Library/PrivateFrameworks/DSExternalDisplay.framework/Versions/A/DSExternalDisplay
0x00000002394fa000 	/System/Library/PrivateFrameworks/AppleMobileFileIntegrity.framework/Versions/A/AppleMobileFileIntegrity
0x0000000281b6e000 	/usr/lib/libTLE.dylib
0x00000001e6d1d000 	/System/Library/PrivateFrameworks/ConfigProfileHelper.framework/Versions/A/ConfigProfileHelper
0x00000001dbb2a000 	/usr/lib/libedit.3.dylib
0x0000000256b7a000 	/System/Library/PrivateFrameworks/MIL.framework/Versions/A/MIL
0x00000001b55d5000 	/usr/lib/libncurses.5.4.dylib
0x00000001924a0000 	/System/Library/PrivateFrameworks/CoreEmoji.framework/Versions/A/CoreEmoji
0x0000000185025000 	/usr/lib/libCRFSuite.dylib
0x0000000191255000 	/System/Library/PrivateFrameworks/CoreNLP.framework/Versions/A/CoreNLP
0x0000000192818000 	/usr/lib/libmecab.dylib
0x0000000193725000 	/usr/lib/libThaiTokenizer.dylib
0x00000001d5ee2000 	/System/Library/PrivateFrameworks/HIDDisplay.framework/Versions/A/HIDDisplay
0x0000000195e7c000 	/System/Library/Frameworks/ApplicationServices.framework/Versions/A/Frameworks/ATSUI.framework/Versions/A/ATSUI
0x0000000197b61000 	/usr/lib/libcups.2.dylib
0x0000000197bf7000 	/System/Library/Frameworks/Kerberos.framework/Versions/A/Kerberos
0x0000000197858000 	/usr/lib/libresolv.9.dylib
0x0000000195211000 	/System/Library/PrivateFrameworks/Heimdal.framework/Versions/A/Heimdal
0x00000001a058f000 	/System/Library/Frameworks/Kerberos.framework/Versions/A/Libraries/libHeimdalProxy.dylib
0x0000000197c5b000 	/System/Library/PrivateFrameworks/CommonAuth.framework/Versions/A/CommonAuth
0x00000001a92ad000 	/System/Library/PrivateFrameworks/AXCoreUtilities.framework/Versions/A/AXCoreUtilities
0x0000000281587000 	/usr/lib/libAXSafeCategoryBundle.dylib
0x0000000192366000 	/System/Library/Frameworks/Accelerate.framework/Versions/A/Frameworks/vecLib.framework/Versions/A/libvDSP.dylib
0x0000000193872000 	/System/Library/Frameworks/Accelerate.framework/Versions/A/Frameworks/vecLib.framework/Versions/A/libLAPACK.dylib
0x000000019287c000 	/System/Library/Frameworks/Accelerate.framework/Versions/A/Frameworks/vecLib.framework/Versions/A/libLinearAlgebra.dylib
0x000000019376b000 	/System/Library/Frameworks/Accelerate.framework/Versions/A/Frameworks/vecLib.framework/Versions/A/libSparseBLAS.dylib
0x000000019386d000 	/System/Library/Frameworks/Accelerate.framework/Versions/A/Frameworks/vecLib.framework/Versions/A/libQuadrature.dylib
0x000000019137e000 	/System/Library/Frameworks/Accelerate.framework/Versions/A/Frameworks/vecLib.framework/Versions/A/libBNNS.dylib
0x0000000184e1e000 	/System/Library/Frameworks/Accelerate.framework/Versions/A/Frameworks/vecLib.framework/Versions/A/libSparse.dylib
0x0000000197bc0000 	/System/Library/PrivateFrameworks/NetAuth.framework/Versions/A/NetAuth
0x000000018e1c4000 	/System/Library/PrivateFrameworks/login.framework/Versions/A/Frameworks/loginsupport.framework/Versions/A/loginsupport
0x00000001927e2000 	/usr/lib/libCheckFix.dylib
0x000000018d331000 	/System/Library/PrivateFrameworks/MetadataUtilities.framework/Versions/A/MetadataUtilities
0x0000000252372000 	/System/Library/PrivateFrameworks/InstalledContentLibrary.framework/Versions/A/InstalledContentLibrary
0x0000000187d9f000 	/System/Library/PrivateFrameworks/CoreServicesStore.framework/Versions/A/CoreServicesStore
0x00000001c391f000 	/System/Library/PrivateFrameworks/MobileSystemServices.framework/Versions/A/MobileSystemServices
0x0000000194bda000 	/usr/lib/libxslt.1.dylib
0x00000001927a1000 	/System/Library/PrivateFrameworks/BackgroundTaskManagement.framework/Versions/A/BackgroundTaskManagement
0x000000019fc39000 	/usr/lib/libcurl.4.dylib
0x0000000281da7000 	/usr/lib/libcrypto.46.dylib
0x00000002829c7000 	/usr/lib/libssl.48.dylib
0x000000019f90f000 	/System/Library/Frameworks/LDAP.framework/Versions/A/LDAP
0x000000019f94b000 	/System/Library/PrivateFrameworks/TrustEvaluationAgent.framework/Versions/A/TrustEvaluationAgent
0x0000000197875000 	/usr/lib/libsasl2.2.dylib
0x00000001ad34d000 	/usr/lib/swift/libswiftCoreGraphics.dylib
0x000000019c3ff000 	/usr/lib/swift/libswiftFoundation.dylib
0x00000001e66d9000 	/usr/lib/swift/libswiftSwiftOnoneSupport.dylib
0x00000002830a6000 	/usr/lib/swift/libswiftsys_time.dylib
0x00000001d1ca6000 	/System/Library/PrivateFrameworks/CoreMaterial.framework/Versions/A/CoreMaterial
0x0000000282dec000 	/usr/lib/swift/libswiftSpatial.dylib
0x0000000281b6b000 	/usr/lib/libSpatial.dylib
0x00000002814a5000 	/System/Library/SubFrameworks/UIUtilities.framework/Versions/A/UIUtilities
0x0000000103c20000 	/Users/dohoainho/Library/Java/JavaVirtualMachines/ms-21.0.6/Contents/Home/lib/server/libjvm.dylib
0x000000010270c000 	/Users/dohoainho/Library/Java/JavaVirtualMachines/ms-21.0.6/Contents/Home/lib/libjimage.dylib
0x0000000102740000 	/Users/dohoainho/Library/Java/JavaVirtualMachines/ms-21.0.6/Contents/Home/lib/libinstrument.dylib
0x0000000102790000 	/Users/dohoainho/Library/Java/JavaVirtualMachines/ms-21.0.6/Contents/Home/lib/libjava.dylib
0x00000001028cc000 	/Users/dohoainho/Library/Java/JavaVirtualMachines/ms-21.0.6/Contents/Home/lib/libzip.dylib
0x00000001028f8000 	/Users/dohoainho/Library/Java/JavaVirtualMachines/ms-21.0.6/Contents/Home/lib/libnio.dylib
0x000000010291c000 	/Users/dohoainho/Library/Java/JavaVirtualMachines/ms-21.0.6/Contents/Home/lib/libnet.dylib
0x0000000102774000 	/Users/dohoainho/Library/Java/JavaVirtualMachines/ms-21.0.6/Contents/Home/lib/libextnet.dylib
0x000000010293c000 	/Users/dohoainho/Library/Java/JavaVirtualMachines/ms-21.0.6/Contents/Home/lib/libmanagement.dylib
0x0000000102954000 	/Users/dohoainho/Library/Java/JavaVirtualMachines/ms-21.0.6/Contents/Home/lib/libmanagement_ext.dylib
0x000000010328c000 	/Users/dohoainho/Library/Java/JavaVirtualMachines/ms-21.0.6/Contents/Home/lib/libawt.dylib
0x0000000103340000 	/Users/dohoainho/Library/Java/JavaVirtualMachines/ms-21.0.6/Contents/Home/lib/libmlib_image.dylib
0x000000022af6f000 	/System/Library/Frameworks/JavaRuntimeSupport.framework/Versions/A/JavaRuntimeSupport
0x00000001aee72000 	/System/Library/Frameworks/Carbon.framework/Versions/A/Carbon
0x00000001a51a9000 	/System/Library/Frameworks/Carbon.framework/Versions/A/Frameworks/CommonPanels.framework/Versions/A/CommonPanels
0x000000019fc24000 	/System/Library/Frameworks/Carbon.framework/Versions/A/Frameworks/Help.framework/Versions/A/Help
0x00000001a51ad000 	/System/Library/Frameworks/Carbon.framework/Versions/A/Frameworks/ImageCapture.framework/Versions/A/ImageCapture
0x00000001a5188000 	/System/Library/Frameworks/Carbon.framework/Versions/A/Frameworks/OpenScripting.framework/Versions/A/OpenScripting
0x00000001a51a8000 	/System/Library/Frameworks/Carbon.framework/Versions/A/Frameworks/Ink.framework/Versions/A/Ink
0x00000001a51a5000 	/System/Library/Frameworks/Carbon.framework/Versions/A/Frameworks/SecurityHI.framework/Versions/A/SecurityHI
0x00000002819c9000 	/usr/lib/libInterpreterSecurity.dylib
0x00000001c5558000 	/System/Library/PrivateFrameworks/XprotectFramework.framework/Versions/A/XprotectFramework
0x00000001a86f6000 	/System/Library/PrivateFrameworks/yara.framework/Versions/A/yara
0x0000000281945000 	/usr/lib/libEndpointSecuritySystem.dylib
0x00000001034d8000 	/Users/dohoainho/Library/Java/JavaVirtualMachines/ms-21.0.6/Contents/Home/lib/libawt_lwawt.dylib
0x00000001029a0000 	/Users/dohoainho/Library/Java/JavaVirtualMachines/ms-21.0.6/Contents/Home/lib/libosxapp.dylib
0x00000001ad3b4000 	/System/Library/Frameworks/ExceptionHandling.framework/Versions/A/ExceptionHandling
0x0000000103730000 	/Users/dohoainho/Library/Java/JavaVirtualMachines/ms-21.0.6/Contents/Home/lib/libfontmanager.dylib
0x0000000103600000 	/Users/dohoainho/Library/Java/JavaVirtualMachines/ms-21.0.6/Contents/Home/lib/libfreetype.dylib
0x00000001033b4000 	/Users/dohoainho/Library/Java/JavaVirtualMachines/ms-21.0.6/Contents/Home/lib/libjavajpeg.dylib
0x00000001029d4000 	/Users/dohoainho/Library/Java/JavaVirtualMachines/ms-21.0.6/Contents/Home/lib/libverify.dylib
0x00000001029f4000 	/Users/dohoainho/Library/Caches/JNA/temp/jna3203227590924581373.tmp
0x0000000114420000 	/opt/homebrew/Cellar/tesseract/5.5.3/lib/libtesseract.5.dylib
0x00000001146d0000 	/opt/homebrew/Cellar/leptonica/1.87.0/lib/libleptonica.6.dylib
0x0000000103860000 	/opt/homebrew/Cellar/libarchive/3.8.9/lib/libarchive.13.dylib
0x00000001033fc000 	/opt/homebrew/Cellar/libpng/1.6.58/lib/libpng16.16.dylib
0x00000001036a0000 	/opt/homebrew/Cellar/jpeg-turbo/3.2.0/lib/libjpeg.8.3.2.dylib
0x000000010296c000 	/opt/homebrew/Cellar/giflib/6.1.3/lib/libgif.7.2.0.dylib
0x000000010390c000 	/opt/homebrew/Cellar/libtiff/4.7.2/lib/libtiff.6.dylib
0x0000000103994000 	/opt/homebrew/Cellar/webp/1.6.0/lib/libwebp.7.2.0.dylib
0x0000000102984000 	/opt/homebrew/Cellar/webp/1.6.0/lib/libwebpmux.3.1.2.dylib
0x000000010347c000 	/opt/homebrew/Cellar/openjpeg/2.5.4/lib/libopenjp2.2.5.4.dylib
0x0000000103a8c000 	/opt/homebrew/Cellar/zstd/1.5.7_1/lib/libzstd.1.5.7.dylib
0x00000001039ec000 	/opt/homebrew/Cellar/xz/5.8.3/lib/liblzma.5.dylib
0x0000000103430000 	/opt/homebrew/Cellar/webp/1.6.0/lib/libsharpyuv.0.1.2.dylib
0x0000000103a1c000 	/opt/homebrew/Cellar/lz4/1.10.0/lib/liblz4.1.10.0.dylib
0x0000000103444000 	/opt/homebrew/Cellar/libb2/0.98.1/lib/libb2.1.dylib


VM Arguments:
jvm_args: -Djna.library.path=/opt/homebrew/lib -XX:TieredStopAtLevel=1 -Dspring.output.ansi.enabled=always -Dcom.sun.management.jmxremote -Dspring.jmx.enabled=true -Dspring.liveBeansView.mbeanDomain -Dspring.application.admin.enabled=true -Dmanagement.endpoints.jmx.exposure.include=* -javaagent:/Applications/IntelliJ IDEA.app/Contents/lib/idea_rt.jar=50122 -Dfile.encoding=UTF-8 -Dsun.stdout.encoding=UTF-8 -Dsun.stderr.encoding=UTF-8 
java_command: org.example.supperapp.examservice.ExamServiceApplication
java_class_path (initial): /Users/dohoainho/Downloads/english-practice/exam-service/target/classes:/Users/dohoainho/.m2/repository/org/springframework/boot/spring-boot-starter-web/3.2.5/spring-boot-starter-web-3.2.5.jar:/Users/dohoainho/.m2/repository/org/springframework/boot/spring-boot-starter/3.2.5/spring-boot-starter-3.2.5.jar:/Users/dohoainho/.m2/repository/org/springframework/boot/spring-boot/3.2.5/spring-boot-3.2.5.jar:/Users/dohoainho/.m2/repository/org/springframework/boot/spring-boot-autoconfigure/3.2.5/spring-boot-autoconfigure-3.2.5.jar:/Users/dohoainho/.m2/repository/org/springframework/boot/spring-boot-starter-logging/3.2.5/spring-boot-starter-logging-3.2.5.jar:/Users/dohoainho/.m2/repository/ch/qos/logback/logback-classic/1.4.14/logback-classic-1.4.14.jar:/Users/dohoainho/.m2/repository/ch/qos/logback/logback-core/1.4.14/logback-core-1.4.14.jar:/Users/dohoainho/.m2/repository/org/apache/logging/log4j/log4j-to-slf4j/2.21.1/log4j-to-slf4j-2.21.1.jar:/Users/dohoainho/.m2/repository/org/apache/logging/log4j/log4j-api/2.21.1/log4j-api-2.21.1.jar:/Users/dohoainho/.m2/repository/org/slf4j/jul-to-slf4j/2.0.13/jul-to-slf4j-2.0.13.jar:/Users/dohoainho/.m2/repository/jakarta/annotation/jakarta.annotation-api/2.1.1/jakarta.annotation-api-2.1.1.jar:/Users/dohoainho/.m2/repository/org/yaml/snakeyaml/2.2/snakeyaml-2.2.jar:/Users/dohoainho/.m2/repository/org/springframework/boot/spring-boot-starter-json/3.2.5/spring-boot-starter-json-3.2.5.jar:/Users/dohoainho/.m2/repository/com/fasterxml/jackson/datatype/jackson-datatype-jdk8/2.15.4/jackson-datatype-jdk8-2.15.4.jar:/Users/dohoainho/.m2/repository/com/fasterxml/jackson/module/jackson-module-parameter-names/2.15.4/jackson-module-parameter-names-2.15.4.jar:/Users/dohoainho/.m2/repository/org/springframework/boot/spring-boot-starter-tomcat/3.2.5/spring-boot-starter-tomcat-3.2.5.jar:/Users/dohoainho/.m2/repository/org/apache/tomcat/embed/tomcat-embed-core/10.1.20/tomcat-embed-core-10.1.20.jar:/Users/dohoainho/.m2/repository/org/apache/tomcat/embed/tomcat-embed-websocket/10.1.20/tomcat-embed-websocket-10.1.20.jar:/Users/dohoainho/.m2/repository/org/springframework/spring-web/6.1.6/spring-web-6.1.6.jar:/Users/dohoainho/.m2/repository/org/springframework/spring-beans/6.1.6/spring-beans-6.1.6.jar:/Users/dohoainho/.m2/repository/io/micrometer/micrometer-observation/1.12.5/micrometer-observation-1.12.5.jar:/Users/dohoainho/.m2/repository/io/micrometer/micrometer-commons/1.12.5/micrometer-commons-1.12.5.jar:/Users/dohoainho/.m2/repository/org/springframework/spring-webmvc/6.1.6/spring-webmvc-6.1.6.jar:/Users/dohoainho/.m2/repository/org/springframework/spring-aop/6.1.6/spring-aop-6.1.6.jar:/Users/dohoainho/.m2/repository/org/springframework/spring-context/6.1.6/spring-context-6.1.6.jar:/Users/dohoainho/.m2/repository/org/springframework/spring-expression/6.1.6/spring-expression-6.1.6.jar:/Users/dohoainho/.m2/repository/org/springframework/boot/spring-boot-starter-validation/3.2.5/spring-boot-starter-validation-3.2.5.jar:/Users/dohoainho/.m2/repository/org/apache/tomcat/embed/tomcat-embed-el/10.1.20/tomcat-embed-el-10.1.20.jar:/Users/dohoainho/.m2/repository/org/hibernate/validator/hibernate-validator/8.0.1.Final/hibernate-validator-8.0.1.Final.jar:/Users/dohoainho/.m2/repository/jakarta/validation/jakarta.validation-api/3.0.2/jakarta.validation-api-3.0.2.jar:/Users/dohoainho/.m2/repository/org/jboss/logging/jboss-logging/3.5.3.Final/jboss-logging-3.5.3.Final.jar:/Users/dohoainho/.m2/repository/com/fasterxml/classmate/1.6.0/classmate-1.6.0.jar:/Users/dohoainho/.m2/repository/org/springframework/boot/spring-boot-starter-oauth2-resource-server/3.2.5/spring-boot-starter-oauth2-resource-server-3.2.5.jar:/Users/dohoainho/.m2/repository/org/springframework/security/spring-security-config/6.2.4/spring-security-config-6.2.4.jar:/Users/dohoainho/.m2/repository/org/springframework/security/spring-security-core/6.2.4/spring-security-core-6.2.4.jar:/Users/dohoainho/.m2/repository/org/springframework/security/spring-security-oauth2-resource-server/6.2.4/spring-security-oauth2-resource-server-6.2.4.jar:/Users/dohoainho/.m2/repository/org/springframework/security/spring-security-oauth2-core/6.2.4/spring-security-oauth2-core-6.2.4.jar:/Users/dohoainho/.m2/repository/org/springframework/security/spring-security-oauth2-jose/6.2.4/spring-security-oauth2-jose-6.2.4.jar:/Users/dohoainho/.m2/repository/com/nimbusds/nimbus-jose-jwt/9.24.4/nimbus-jose-jwt-9.24.4.jar:/Users/dohoainho/.m2/repository/com/github/stephenc/jcip/jcip-annotations/1.0-1/jcip-annotations-1.0-1.jar:/Users/dohoainho/.m2/repository/org/springframework/boot/spring-boot-starter-data-mongodb/3.2.5/spring-boot-starter-data-mongodb-3.2.5.jar:/Users/dohoainho/.m2/repository/org/mongodb/mongodb-driver-sync/4.11.2/mongodb-driver-sync-4.11.2.jar:/Users/dohoainho/.m2/repository/org/mongodb/bson/4.11.2/bson-4.11.2.jar:/Users/dohoainho/.m2/repository/org/mongodb/mongodb-driver-core/4.11.2/mongodb-driver-core-4.11.2.jar:/Users/dohoainho/.m2/repository/org/mongodb/bson-record-codec/4.11.2/bson-record-codec-4.11.2.jar:/Users/dohoainho/.m2/repository/org/springframework/data/spring-data-mongodb/4.2.5/spring-data-mongodb-4.2.5.jar:/Users/dohoainho/.m2/repository/org/springframework/spring-tx/6.1.6/spring-tx-6.1.6.jar:/Users/dohoainho/.m2/repository/org/springframework/data/spring-data-commons/3.2.5/spring-data-commons-3.2.5.jar:/Users/dohoainho/.m2/repository/org/springframework/cloud/spring-cloud-starter-openfeign/4.1.1/spring-cloud-starter-openfeign-4.1.1.jar:/Users/dohoainho/.m2/repository/org/springframework/cloud/spring-cloud-starter/4.1.2/spring-cloud-starter-4.1.2.jar:/Users/dohoainho/.m2/repository/org/springframework/cloud/spring-cloud-context/4.1.2/spring-cloud-context-4.1.2.jar:/Users/dohoainho/.m2/repository/org/springframework/security/spring-security-rsa/1.1.2/spring-security-rsa-1.1.2.jar:/Users/dohoainho/.m2/repository/org/bouncycastle/bcprov-jdk18on/1.77/bcprov-jdk18on-1.77.jar:/Users/dohoainho/.m2/repository/org/springframework/cloud/spring-cloud-openfeign-core/4.1.1/spring-cloud-openfeign-core-4.1.1.jar:/Users/dohoainho/.m2/repository/org/springframework/boot/spring-boot-starter-aop/3.2.5/spring-boot-starter-aop-3.2.5.jar:/Users/dohoainho/.m2/repository/org/aspectj/aspectjweaver/1.9.22/aspectjweaver-1.9.22.jar:/Users/dohoainho/.m2/repository/io/github/openfeign/form/feign-form-spring/3.8.0/feign-form-spring-3.8.0.jar:/Users/dohoainho/.m2/repository/io/github/openfeign/form/feign-form/3.8.0/feign-form-3.8.0.jar:/Users/dohoainho/.m2/repository/commons-fileupload/commons-fileupload/1.5/commons-fileupload-1.5.jar:/Users/dohoainho/.m2/repository/org/springframework/cloud/spring-cloud-commons/4.1.2/spring-cloud-commons-4.1.2.jar:/Users/dohoainho/.m2/repository/io/github/openfeign/feign-core/13.2.1/feign-core-13.2.1.jar:/Users/dohoainho/.m2/repository/io/github/openfeign/feign-slf4j/13.2.1/feign-slf4j-13.2.1.jar:/Users/dohoainho/.m2/repository/org/springframework/security/spring-security-crypto/6.2.4/spring-security-crypto-6.2.4.jar:/Users/dohoainho/.m2/repository/com/fasterxml/jackson/datatype/jackson-datatype-jsr310/2.15.4/jackson-datatype-jsr310-2.15.4.jar:/Users/dohoainho/.m2/repository/com/fasterxml/jackson/core/jackson-annotations/2.15.4/jackson-annotations-2.15.4.jar:/Users/dohoainho/.m2/repository/com/fasterxml/jackson/core/jackson-core/2.15.4/jackson-core-2.15.4.jar:/Users/dohoainho/.m2/repository/com/fasterxml/jackson/core/jackson-databind/2.15.4/jackson-databind-2.15.4.jar:/Users/dohoainho/.m2/repository/org/projectlombok/lombok/1.18.34/lombok-1.18.34.jar:/Users/dohoainho/.m2/repository/org/mapstruct/mapstruct/1.5.5.Final/mapstruct-1.5.5.Final.jar:/Users/dohoainho/.m2/repository/org/springframework/spring-core/6.1.6/spring-core-6.1.6.jar:/Users/dohoainho/.m2/repository/org/springframework/spring-jcl/6.1.6/spring-jcl-6.1.6.jar:/Users/dohoainho/.m2/repository/org/springframework/security/spring-security-web/6.2.4/spring-security-web-6.2.4.jar:/Users/dohoainho/.m2/repository/net/sourceforge/tess4j/tess4j/5.13.0/tess4j-5.13.0.jar:/Users/dohoainho/.m2/repository/net/java/dev/jna/jna/5.14.0/jna-5.14.0.jar:/Users/dohoainho/.m2/repository/com/github/jai-imageio/jai-imageio-core/1.4.0/jai-imageio-core-1.4.0.jar:/Users/dohoainho/.m2/repository/org/apache/pdfbox/pdfbox-tools/3.0.3/pdfbox-tools-3.0.3.jar:/Users/dohoainho/.m2/repository/org/apache/pdfbox/pdfbox-debugger/3.0.3/pdfbox-debugger-3.0.3.jar:/Users/dohoainho/.m2/repository/info/picocli/picocli/4.7.6/picocli-4.7.6.jar:/Users/dohoainho/.m2/repository/org/apache/pdfbox/jbig2-imageio/3.0.4/jbig2-imageio-3.0.4.jar:/Users/dohoainho/.m2/repository/commons-io/commons-io/2.16.1/commons-io-2.16.1.jar:/Users/dohoainho/.m2/repository/net/sourceforge/lept4j/lept4j/1.19.1/lept4j-1.19.1.jar:/Users/dohoainho/.m2/repository/org/jboss/jboss-vfs/3.2.17.Final/jboss-vfs-3.2.17.Final.jar:/Users/dohoainho/.m2/repository/org/slf4j/slf4j-api/2.0.13/slf4j-api-2.0.13.jar:/Users/dohoainho/.m2/repository/org/apache/pdfbox/pdfbox/3.0.7/pdfbox-3.0.7.jar:/Users/dohoainho/.m2/repository/org/apache/pdfbox/pdfbox-io/3.0.7/pdfbox-io-3.0.7.jar:/Users/dohoainho/.m2/repository/org/apache/pdfbox/fontbox/3.0.7/fontbox-3.0.7.jar:/Users/dohoainho/.m2/repository/commons-logging/commons-logging/1.3.5/commons-logging-1.3.5.jar
Launcher Type: SUN_STANDARD

[Global flags]
     intx CICompilerCount                          = 4                                         {product} {ergonomic}
     uint ConcGCThreads                            = 2                                         {product} {ergonomic}
     uint G1ConcRefinementThreads                  = 8                                         {product} {ergonomic}
   size_t G1HeapRegionSize                         = 1048576                                   {product} {ergonomic}
    uintx GCDrainStackTargetSize                   = 64                                        {product} {ergonomic}
   size_t InitialHeapSize                          = 134217728                                 {product} {ergonomic}
     bool ManagementServer                         = true                                      {product} {command line}
   size_t MarkStackSize                            = 4194304                                   {product} {ergonomic}
   size_t MaxHeapSize                              = 2147483648                                {product} {ergonomic}
   size_t MaxNewSize                               = 1287651328                                {product} {ergonomic}
   size_t MinHeapDeltaBytes                        = 1048576                                   {product} {ergonomic}
   size_t MinHeapSize                              = 8388608                                   {product} {ergonomic}
    uintx NonNMethodCodeHeapSize                   = 16384                                  {pd product} {ergonomic}
    uintx NonProfiledCodeHeapSize                  = 0                                      {pd product} {ergonomic}
     bool ProfileInterpreter                       = false                                  {pd product} {command line}
    uintx ProfiledCodeHeapSize                     = 0                                      {pd product} {ergonomic}
   size_t SoftMaxHeapSize                          = 2147483648                             {manageable} {ergonomic}
     intx TieredStopAtLevel                        = 1                                         {product} {command line}
     bool UseCompressedOops                        = true                           {product lp64_product} {ergonomic}
     bool UseG1GC                                  = true                                      {product} {ergonomic}
     bool UseNUMA                                  = false                                     {product} {ergonomic}
     bool UseNUMAInterleaving                      = false                                     {product} {ergonomic}

Logging:
Log output configuration:
 #0: stdout all=warning uptime,level,tags foldmultilines=false
 #1: stderr all=off uptime,level,tags foldmultilines=false

Environment Variables:
JAVA_HOME=/Library/Java/JavaVirtualMachines/jdk-25.jdk/Contents/Home
PATH=/Users/dohoainho/.antigravity/antigravity/bin:/opt/homebrew/bin:/opt/homebrew/sbin:/Users/dohoainho/Documents/TuHoc/lib/apache-maven-3.9.12/bin:/Library/Java/JavaVirtualMachines/jdk-25.jdk/Contents/Home/bin:/Applications/anaconda3/bin:/usr/local/mongodb/bin:/var/opt/mssql/data:/usr/local/bin:/System/Cryptexes/App/usr/bin:/usr/bin:/bin:/usr/sbin:/sbin:/var/run/com.apple.security.cryptexd/codex.system/bootstrap/usr/local/bin:/var/run/com.apple.security.cryptexd/codex.system/bootstrap/usr/bin:/var/run/com.apple.security.cryptexd/codex.system/bootstrap/usr/appleinternal/bin:/opt/pmk/env/global/bin:/Library/Apple/usr/bin:/Applications/VMware Fusion.app/Contents/Public:/usr/local/share/dotnet:~/.dotnet/tools:/Library/Frameworks/Mono.framework/Versions/Current/Commands:/Users/dohoainho/mongodb-macos-aarch64-8.0.4/bin:/Users/dohoainho/Documents/mongodb-database-tools-macos-arm64-100.10.0/bin
SHELL=/bin/zsh
LANG=C.UTF-8
TMPDIR=/var/folders/_y/1rn76jkd5_dghhgqm24zk4rc0000gn/T/

Active Locale:
LC_ALL=C.UTF-8
LC_COLLATE=C.UTF-8
LC_CTYPE=C.UTF-8
LC_MESSAGES=C.UTF-8
LC_MONETARY=C.UTF-8
LC_NUMERIC=C.UTF-8
LC_TIME=C.UTF-8

Signal Handlers:
   SIGSEGV: crash_handler in libjvm.dylib, mask=11100110000111110111111111111111, flags=SA_ONSTACK|SA_RESTART|SA_SIGINFO, unblocked
    SIGBUS: crash_handler in libjvm.dylib, mask=11100110000111110111111111111111, flags=SA_RESTART|SA_SIGINFO, unblocked
    SIGFPE: crash_handler in libjvm.dylib, mask=11100110000111110111111111111111, flags=SA_RESTART|SA_SIGINFO, unblocked
   SIGPIPE: javaSignalHandler in libjvm.dylib, mask=11100110000111110111111111111111, flags=SA_RESTART|SA_SIGINFO, blocked
   SIGXFSZ: javaSignalHandler in libjvm.dylib, mask=11100110000111110111111111111111, flags=SA_RESTART|SA_SIGINFO, blocked
    SIGILL: crash_handler in libjvm.dylib, mask=11100110000111110111111111111111, flags=SA_RESTART|SA_SIGINFO, unblocked
   SIGUSR2: SR_handler in libjvm.dylib, mask=00000000000000000000000000000000, flags=SA_RESTART|SA_SIGINFO, blocked
    SIGHUP: UserHandler in libjvm.dylib, mask=11100110000111110111111111111111, flags=SA_RESTART|SA_SIGINFO, blocked
    SIGINT: UserHandler in libjvm.dylib, mask=11100110000111110111111111111111, flags=SA_RESTART|SA_SIGINFO, blocked
   SIGTERM: UserHandler in libjvm.dylib, mask=11100110000111110111111111111111, flags=SA_RESTART|SA_SIGINFO, blocked
   SIGQUIT: UserHandler in libjvm.dylib, mask=11100110000111110111111111111111, flags=SA_RESTART|SA_SIGINFO, blocked
   SIGTRAP: crash_handler in libjvm.dylib, mask=11100110000111110111111111111111, flags=SA_RESTART|SA_SIGINFO, unblocked


Periodic native trim disabled

---------------  S Y S T E M  ---------------

OS:
uname: Darwin 25.3.0 Darwin Kernel Version 25.3.0: Wed Jan 28 20:53:31 PST 2026; root:xnu-12377.91.3~2/RELEASE_ARM64_T8103 arm64
OS uptime: 0 days 2:48 hours
rlimit (soft/hard): STACK 8176k/65520k , CORE 0k/infinity , NPROC 1333/2000 , NOFILE 1048576/infinity , AS infinity/infinity , CPU infinity/infinity , DATA infinity/infinity , FSIZE infinity/infinity , MEMLOCK infinity/infinity , RSS infinity/infinity
load average: 5.87 4.06 3.35

CPU: total 8 (initial active 8) 0x61:0x0:0x1b588bb3:0, fp, asimd, aes, pmull, sha1, sha256, crc32, lse, sha3, sha512
machdep.cpu.brand_string:Apple M1
hw.cachelinesize:128
hw.l1icachesize:131072
hw.l1dcachesize:65536
hw.l2cachesize:4194304

Memory: 16k page, physical 8388608k(175168k free), swap 3145728k(1098880k free)

vm_info: OpenJDK 64-Bit Server VM (21.0.6+7-LTS) for bsd-aarch64 JRE (21.0.6+7-LTS), built on 2025-01-08T22:56:39Z by "MicrosoftCorporation" with clang Apple LLVM 12.0.5 (clang-1205.0.22.9)

END.
